ID,oliver,meyers,colbert,sambee,hannity,carlson,maddow,tapper,cooper,lindsay,cruz,mitch,paulryan,berie,warren,kamala,beto,ratedogs,rowling,james,elonmusk
293843854.0,0,0,0,0,0,0,0,0,0,0,0,0,0,0,0,0,0,0,0,0,0
7.1537e+17,0,0,0,0,0,0,0,0,0,0,0,0,0,0,0,0,0,0,0,0,0
7.56592e+17,0,0,0,0,0,0,0,0,0,0,0,0,0,0,0,0,0,0,0,0,0
586485682.0,0,0,0,0,0,0,0,0,0,0,0,0,0,0,0,0,0,0,0,0,0
1270901954.0,0,0,0,0,0,0,1,0,0,1,0,0,0,0,1,0,0,0,0,1,0
327648121.0,0,0,0,0,0,0,0,0,0,0,0,0,0,0,0,0,0,1,0,0,1
576702456.0,0,0,0,0,1,1,0,1,0,1,1,1,1,0,1,0,0,0,0,0,0
299465536.0,1,0,1,1,0,1,0,0,0,0,1,1,1,1,1,0,0,0,0,0,1
292062340.0,0,0,0,0,0,0,0,0,0,0,0,0,0,0,0,0,0,0,0,0,0
450329349.0,0,0,0,0,0,0,0,0,0,0,0,0,0,0,0,0,0,0,0,0,0
3268288225.0,0,0,0,0,1,0,0,0,0,0,1,0,0,0,0,0,0,0,0,0,0
29487010.0,0,0,0,0,1,1,0,0,0,1,1,1,1,0,0,0,0,0,0,0,1
627581040.0,0,0,0,0,0,0,0,0,0,0,0,0,0,0,0,0,0,0,0,0,0
7.34452e+17,0,0,0,0,0,0,0,0,0,0,0,0,0,0,0,0,0,0,0,0,0
1468892066.0,0,0,0,0,1,1,0,0,0,1,1,1,1,0,0,0,0,0,0,0,0
4691169630.0,0,0,0,0,1,1,0,0,0,0,1,1,0,0,0,0,0,0,0,0,1
474054440.0,0,0,0,0,1,1,1,0,1,0,1,0,1,0,0,0,0,0,0,0,0
262820043.0,0,0,0,0,1,1,0,1,0,1,1,1,1,0,0,0,0,1,0,0,0
8.04104e+17,0,0,0,0,0,0,0,0,0,0,0,0,0,0,0,0,0,0,0,0,0
522034608.0,0,0,0,0,1,1,0,0,0,0,1,1,0,0,0,0,0,0,0,0,0
8.18467e+17,0,0,0,0,0,0,0,0,0,0,0,0,0,0,0,0,0,0,0,0,0
14192541.0,0,0,0,0,1,1,0,1,0,0,0,0,1,0,0,0,0,0,0,0,0
328805554.0,0,0,0,0,0,1,0,0,0,0,0,0,0,0,0,0,0,0,0,0,0
290667859.0,0,0,1,0,0,0,0,0,0,0,0,0,0,0,0,0,0,0,0,0,0
26586949.0,0,0,0,0,1,1,0,0,0,1,1,1,1,0,0,0,0,0,0,0,1
2468651263.0,0,0,0,0,1,1,0,0,0,0,0,0,1,0,0,0,0,0,0,1,0
2911406748.0,0,0,0,0,0,0,0,0,0,0,0,0,0,0,0,0,0,0,0,0,0
61669810.0,0,0,1,0,0,0,0,0,1,0,0,0,0,0,0,0,0,0,0,0,0
3730896013.0,0,0,0,0,0,0,0,0,0,0,0,0,0,0,0,0,0,0,0,0,0
363091465.0,0,0,0,0,0,0,0,0,0,0,0,0,0,0,0,0,0,0,0,0,1
392943509.0,0,0,0,0,1,1,0,0,0,0,1,0,1,0,0,0,0,0,0,0,0
2264549539.0,0,0,0,0,1,1,0,0,0,0,0,0,0,0,0,0,0,0,0,0,1
159275064.0,0,0,0,0,1,1,0,0,1,1,1,0,1,0,0,0,0,0,0,0,0
1194922280.0,0,0,0,0,0,0,0,0,0,0,0,0,0,0,0,0,0,0,0,0,0
608584256.0,0,0,0,0,1,1,0,0,0,1,0,1,0,0,0,0,0,0,0,0,1
20417185.0,0,1,1,0,0,1,0,1,1,1,1,1,1,0,0,0,1,1,0,0,1
4250398349.0,0,0,0,0,0,0,0,0,0,0,1,0,0,0,0,0,0,0,0,0,0
1.04744e+18,0,0,0,0,0,0,0,0,0,0,0,0,0,0,0,0,0,0,0,0,0
1380404268.0,0,0,0,0,0,1,0,1,0,0,0,0,0,0,0,0,0,1,0,1,1
1.03142e+18,0,0,0,0,0,0,0,0,0,0,0,0,0,0,0,0,0,0,0,0,0
453507246.0,0,0,0,0,1,1,0,0,0,1,1,0,0,0,0,0,0,0,0,0,1
20469548.0,0,0,0,0,1,0,0,0,0,1,0,1,0,0,0,0,0,0,0,0,0
1968191983.0,0,0,0,0,0,0,0,0,0,0,0,0,0,0,0,0,0,0,0,0,0
19137131.0,0,0,0,0,0,1,0,0,0,0,0,0,0,0,0,0,0,0,0,0,0
8.72918e+17,0,0,0,0,0,0,0,0,0,0,0,0,0,0,0,0,0,0,0,0,0
861202278.0,0,0,0,0,0,0,0,0,0,0,0,0,0,0,0,0,0,0,0,0,0
7.1347e+17,0,0,0,0,0,0,0,0,0,0,0,0,0,0,0,0,0,0,0,0,0
4704357987.0,0,0,0,0,0,1,0,0,0,0,0,0,0,0,0,0,0,0,0,0,0
435535903.0,0,0,0,0,0,1,0,0,0,0,0,0,0,0,0,0,0,0,0,0,0
368645056.0,0,1,0,0,0,0,0,0,1,0,0,0,0,0,0,0,0,0,0,1,1
2898159860.0,0,0,0,0,0,0,0,0,0,0,0,0,0,0,0,0,0,0,0,0,0
7.80171e+17,0,0,0,0,0,0,0,0,0,0,0,0,0,0,0,0,0,0,0,0,0
7.15021e+17,0,0,0,0,0,0,0,0,0,0,0,0,0,0,0,0,0,0,0,0,0
58939016.0,0,0,0,0,1,1,0,0,1,1,1,1,1,1,0,0,0,0,0,0,0
1364397091.0,0,0,0,0,1,0,0,0,0,0,0,0,0,0,0,0,0,0,0,0,0
19515341.0,0,0,0,0,1,1,0,0,0,1,1,1,1,0,0,0,0,0,0,0,0
8.71122e+17,0,0,0,0,0,0,0,0,0,0,0,0,0,0,0,0,0,0,0,0,0
401674554.0,0,0,0,0,0,1,0,1,0,1,0,0,0,0,0,0,0,0,0,0,1
282091676.0,0,0,0,1,0,1,0,0,0,1,0,1,0,0,0,0,0,0,0,0,0
33386931.0,0,0,0,0,0,0,0,0,0,0,0,0,0,0,0,0,0,0,0,0,0
234872678.0,0,0,0,0,1,1,0,0,0,0,1,0,1,0,0,0,0,0,0,0,0
260404909.0,0,0,0,0,0,1,0,0,0,0,0,0,0,0,0,0,0,1,0,0,1
1923574478.0,0,0,0,0,0,0,0,0,0,0,1,0,0,0,0,0,0,0,0,0,0
1410008599.0,0,0,0,0,0,1,0,0,1,0,0,0,1,1,0,0,0,0,0,0,0
92458697.0,0,0,0,0,1,1,0,0,0,0,0,0,0,0,0,0,0,0,0,0,0
550616018.0,0,0,0,0,1,1,0,1,0,0,1,1,1,0,0,0,0,0,0,0,1
8.7365e+17,0,0,0,0,0,0,0,0,0,0,0,0,0,0,0,0,0,0,0,0,0
1327501807.0,0,0,0,0,1,1,0,0,0,1,0,0,0,0,0,0,0,0,0,0,0
435315424.0,0,0,0,0,0,0,0,0,0,0,0,0,1,0,0,0,0,0,0,0,0
3963855317.0,0,0,0,0,0,0,0,0,0,0,0,0,0,0,0,0,0,0,0,0,1
33530593.0,0,0,1,0,0,0,0,0,0,0,0,0,0,0,0,0,0,0,0,0,1
48283457.0,0,0,0,0,1,1,0,0,0,0,1,0,0,0,0,0,0,0,0,0,0
8.64975e+17,0,0,0,0,0,0,0,0,0,0,0,0,0,0,0,0,0,0,0,0,0
375864094.0,0,0,0,0,1,1,0,0,0,1,1,1,1,0,0,0,0,0,0,0,0
541136005.0,0,0,0,0,0,0,0,0,0,0,0,0,0,0,0,0,0,0,0,0,0
9.51841e+17,0,0,0,0,0,0,0,0,0,0,0,0,0,0,0,0,0,0,0,0,0
7.36014e+17,0,0,0,0,0,0,0,0,0,0,0,0,0,0,0,0,0,0,0,0,0
117904412.0,0,0,0,0,1,1,0,0,1,1,0,0,0,0,0,0,0,0,0,0,0
503167978.0,0,0,0,0,1,1,0,0,0,0,1,0,0,0,0,0,0,0,0,0,0
751666272.0,0,0,0,0,0,0,0,0,0,0,0,0,0,0,0,0,0,0,0,0,0
1470044659.0,0,0,0,0,0,1,0,0,0,0,0,0,0,0,0,0,0,0,0,0,0
9.70314e+17,0,0,0,0,0,0,0,0,0,0,0,0,0,0,0,0,0,0,0,0,0
154384963.0,0,0,1,0,1,1,0,0,1,1,1,1,0,0,0,0,0,0,0,0,0
1903876099.0,0,0,0,0,1,1,0,0,0,0,1,1,1,0,0,0,0,0,0,0,0
242064242.0,0,0,0,0,1,1,0,0,0,1,1,1,0,0,0,0,0,0,0,0,1
9.27744e+17,0,0,0,0,0,0,0,0,0,0,0,0,0,0,0,0,0,0,0,0,0
876540758.0,0,0,0,0,0,0,0,0,0,0,0,0,0,0,0,0,0,0,0,0,0
1306000975.0,0,0,0,0,0,0,0,0,0,0,0,0,0,0,0,0,0,0,0,0,0
209136299.0,0,0,0,0,0,0,0,0,0,0,0,0,0,0,0,0,0,0,0,0,0
23936584.0,0,0,0,0,0,0,0,0,0,0,0,0,0,0,0,0,0,0,0,0,0
2967591638.0,0,0,0,0,1,1,0,0,0,1,1,1,1,0,0,0,0,0,0,0,0
20445251.0,0,0,0,0,1,1,0,0,0,0,0,0,0,0,0,0,0,0,0,0,0
350042855.0,0,0,1,0,0,0,0,0,0,0,0,0,0,0,0,0,0,0,0,1,1
1263002017.0,0,0,0,0,1,1,0,0,0,1,0,0,0,0,0,0,0,0,0,0,0
195842602.0,0,0,0,0,0,0,0,0,0,0,0,0,0,0,0,0,0,0,0,0,0
135663768.0,0,0,0,0,1,1,0,0,0,1,0,0,0,0,0,0,0,0,0,0,0
576503971.0,0,0,0,0,0,0,0,0,0,0,0,0,0,0,0,0,0,0,0,1,0
8.27627e+17,0,0,0,0,0,0,0,0,0,0,0,0,0,0,0,0,0,0,0,0,0
7.09281e+17,0,0,0,0,0,0,0,0,0,0,0,0,0,0,0,0,0,0,0,0,0
7.8878e+17,0,0,0,0,0,0,0,0,0,0,0,0,0,0,0,0,0,0,0,0,0
9.55988e+17,0,0,0,0,0,0,0,0,0,0,0,0,0,0,0,0,0,0,0,0,0
1.00143e+18,0,0,0,0,0,0,0,0,0,0,0,0,0,0,0,0,0,0,0,0,0
8.06197e+17,0,0,0,0,0,0,0,0,0,0,0,0,0,0,0,0,0,0,0,0,0
1287305623.0,0,0,0,0,0,0,0,0,0,0,0,0,0,0,0,0,0,0,0,0,0
16219713.0,0,0,0,0,0,0,0,0,0,0,0,0,0,0,0,0,0,0,0,0,0
7.0963e+17,0,0,0,0,0,0,0,0,0,0,0,0,0,0,0,0,0,0,0,0,0
3307704849.0,0,0,0,0,1,1,0,0,0,0,0,0,0,1,0,0,0,0,0,0,1
199980275.0,0,0,0,0,0,0,0,0,0,0,0,0,0,0,0,0,0,0,0,0,0
44537601.0,0,0,0,0,1,0,0,0,0,0,1,0,0,0,0,0,0,0,0,0,0
3075234376.0,0,0,0,0,0,0,0,0,0,0,0,0,0,0,0,0,0,0,0,0,0
43803806.0,0,0,0,0,0,0,0,0,0,0,0,0,0,0,0,0,0,0,0,0,0
9.12806e+17,0,0,0,0,0,0,0,0,0,0,0,0,0,0,0,0,0,0,0,0,0
415855787.0,0,0,0,0,0,0,0,0,0,0,0,0,0,0,0,0,0,0,0,0,0
2829134533.0,0,0,0,0,1,1,0,0,0,0,0,0,0,0,0,0,0,0,0,0,1
8.72331e+17,0,0,0,0,0,0,0,0,0,0,0,0,0,0,0,0,0,0,0,0,0
7.14288e+17,0,0,0,0,0,0,0,0,0,0,0,0,0,0,0,0,0,0,0,0,0
14182588.0,0,0,0,0,0,0,0,0,0,0,0,0,0,0,0,0,0,0,0,0,1
7.93623e+17,0,0,0,0,0,0,0,0,0,0,0,0,0,0,0,0,0,0,0,0,0
29819873.0,0,0,0,0,1,1,0,0,0,1,1,1,1,0,0,0,0,0,0,0,1
792766296.0,0,0,0,0,0,1,0,0,0,0,1,0,1,0,0,0,1,0,0,0,1
2439068875.0,0,0,0,0,0,0,0,0,0,0,0,0,0,0,0,0,0,0,0,0,0
7.42332e+17,0,0,0,0,0,0,0,0,0,0,0,0,0,0,0,0,0,0,0,0,0
2177167210.0,1,0,0,0,1,1,0,0,0,1,0,0,0,0,0,0,0,0,0,0,0
8.00108e+17,0,0,0,0,0,0,0,0,0,0,0,0,0,0,0,0,0,0,0,0,0
1455520838.0,0,0,0,0,1,1,0,0,0,1,1,0,0,0,0,0,0,1,0,0,0
7.56888e+17,0,0,0,0,0,0,0,0,0,0,0,0,0,0,0,0,0,0,0,0,0
248381689.0,0,0,0,0,0,0,0,0,0,0,0,0,0,0,0,0,0,0,0,0,0
230136734.0,0,0,0,0,0,0,0,0,0,0,0,0,0,0,0,0,0,0,0,0,0
2627858171.0,0,0,0,0,0,0,0,0,0,0,0,0,0,0,0,0,0,0,0,0,0
62711948.0,0,0,0,0,0,0,0,0,0,0,0,0,0,1,0,0,1,0,0,1,0
2861487637.0,0,0,0,0,0,0,0,0,0,0,0,0,0,0,0,0,0,0,0,0,0
513920057.0,0,0,0,0,0,0,0,1,0,0,0,0,0,0,0,0,0,0,0,0,0
9.54475e+17,0,0,0,0,0,0,0,0,0,0,0,0,0,0,0,0,0,0,0,0,0
261911765.0,0,0,0,0,0,1,0,0,0,1,0,1,0,0,0,0,0,0,0,0,0
15398908.0,1,0,0,0,0,0,0,0,0,0,0,0,0,0,0,0,0,0,0,0,1
214715289.0,0,0,0,0,0,0,0,0,0,0,0,0,0,0,0,0,0,0,0,0,0
347552091.0,0,0,0,0,0,0,0,0,0,0,0,0,0,0,0,0,0,0,0,0,0
260253261.0,0,0,1,0,0,1,0,1,0,1,1,1,1,0,0,0,0,0,0,0,1
854997938.0,0,0,0,0,1,1,0,0,0,1,1,0,0,0,0,0,0,0,0,0,0
142474115.0,0,0,0,0,0,0,0,0,0,0,0,0,0,0,0,0,0,0,0,0,1
4228739253.0,0,0,0,0,1,1,0,0,0,1,0,0,0,0,0,0,0,0,0,0,1
33292166.0,0,0,0,0,0,0,0,0,0,0,0,0,0,0,0,0,0,0,0,0,0
1235134735.0,0,0,0,0,1,1,0,0,0,0,0,0,0,0,0,0,0,0,0,0,0
1287618157.0,0,0,0,0,1,1,0,0,0,0,1,0,0,0,0,0,0,0,0,1,1
7.84924e+17,0,0,0,0,0,0,0,0,0,0,0,0,0,0,0,0,0,0,0,0,0
8.04137e+17,0,0,0,0,0,0,0,0,0,0,0,0,0,0,0,0,0,0,0,0,0
3138639521.0,0,0,0,0,0,0,0,0,0,0,0,0,0,0,0,0,0,0,0,0,0
7.80903e+17,0,0,0,0,0,0,0,0,0,0,0,0,0,0,0,0,0,0,0,0,0
717057272.0,0,0,0,0,1,1,0,0,0,0,0,1,0,0,0,0,0,0,0,0,0
230674565.0,0,0,0,0,0,0,0,0,0,0,0,0,0,0,0,0,0,0,0,0,0
9.04525e+17,0,0,0,0,0,0,0,0,0,0,0,0,0,0,0,0,0,0,0,0,0
1920902216.0,0,1,1,0,1,1,1,1,1,1,1,1,1,1,1,1,0,0,1,1,1
9.89485e+17,0,0,0,0,0,0,0,0,0,0,0,0,0,0,0,0,0,0,0,0,0
2878707997.0,1,1,0,0,1,1,0,0,0,1,1,1,1,0,0,0,0,0,0,0,0
117140532.0,0,0,0,0,1,1,0,0,0,1,0,0,0,0,0,0,0,0,0,0,1
169499951.0,0,0,0,0,1,1,0,0,0,1,1,0,0,0,0,0,0,0,0,0,0
217509643.0,0,0,0,0,0,0,0,0,0,0,0,0,0,0,0,0,0,0,0,0,0
1441987260.0,0,0,0,0,0,1,1,1,0,0,0,0,0,1,1,1,0,0,0,0,1
8.34025e+17,0,0,0,0,0,0,0,0,0,0,0,0,0,0,0,0,0,0,0,0,0
7.84209e+17,0,0,0,0,0,0,0,0,0,0,0,0,0,0,0,0,0,0,0,0,0
4860532110.0,0,1,0,0,1,1,1,0,0,0,0,0,0,0,0,0,0,0,0,0,1
29812220.0,0,0,0,1,1,0,0,0,0,0,0,0,1,0,0,0,0,0,0,0,0
2607962928.0,0,0,0,0,0,1,0,0,0,0,0,0,0,0,0,0,0,0,0,0,1
9.34154e+17,0,0,0,0,0,0,0,0,0,0,0,0,0,0,0,0,0,0,0,0,0
7.09942e+17,0,0,0,0,0,0,0,0,0,0,0,0,0,0,0,0,0,0,0,0,0
2352626357.0,0,0,0,0,0,0,0,0,0,0,0,0,0,0,0,0,0,0,0,0,0
7.87771e+17,0,0,0,0,0,0,0,0,0,0,0,0,0,0,0,0,0,0,0,0,0
198048101.0,0,0,0,0,1,1,0,0,0,0,0,0,0,0,0,0,0,0,0,0,0
4085864957.0,0,0,0,0,1,1,0,0,0,1,1,1,1,0,0,0,0,0,0,0,0
2469306306.0,0,0,0,0,1,1,1,0,0,1,1,0,1,0,0,0,0,0,0,0,0
380605906.0,1,0,1,0,0,0,0,1,0,0,0,0,0,1,0,0,0,0,1,0,1
37560752.0,0,0,0,0,0,1,0,0,0,1,0,0,0,0,0,0,0,1,0,0,0
1921855711.0,1,0,1,0,1,1,1,1,1,0,1,0,1,1,1,1,1,0,0,0,1
3312415883.0,0,0,0,0,1,1,0,0,0,1,0,1,1,0,0,0,0,0,0,0,1
356501573.0,0,0,0,0,0,0,0,0,0,0,0,0,0,0,0,0,0,0,0,0,0
397858336.0,0,0,0,0,0,0,0,0,0,1,0,0,0,0,0,0,0,0,0,0,0
49497227.0,0,0,0,0,0,0,0,0,0,0,0,0,0,0,0,0,0,0,0,0,0
1951773284.0,0,0,0,0,1,1,0,0,0,1,0,1,0,0,0,0,0,0,0,0,0
7.22264e+17,0,0,0,0,0,0,0,0,0,0,0,0,0,0,0,0,0,0,0,0,0
365286256.0,0,0,0,0,1,1,0,1,1,1,0,1,1,0,0,0,0,0,0,0,1
7.13824e+17,0,0,0,0,0,0,0,0,0,0,0,0,0,0,0,0,0,0,0,0,0
7.85333e+17,0,0,0,0,0,0,0,0,0,0,0,0,0,0,0,0,0,0,0,0,0
197862420.0,0,0,0,0,1,1,0,0,0,1,1,0,1,0,0,0,0,0,0,0,0
7.84559e+17,0,0,0,0,0,0,0,0,0,0,0,0,0,0,0,0,0,0,0,0,0
39161389.0,0,0,0,0,1,1,1,1,1,1,1,1,1,1,1,1,0,0,0,1,0
8.18837e+17,0,0,0,0,0,0,0,0,0,0,0,0,0,0,0,0,0,0,0,0,0
926826120.0,0,0,0,0,0,0,0,0,0,0,0,0,0,0,0,0,0,0,0,0,0
9.30989e+17,0,0,0,0,0,0,0,0,0,0,0,0,0,0,0,0,0,0,0,0,0
3834697965.0,0,0,0,0,0,1,0,0,0,0,0,0,0,0,0,0,0,0,0,0,0
1.00166e+18,0,0,0,0,0,0,0,0,0,0,0,0,0,0,0,0,0,0,0,0,0
7.4902e+17,0,0,0,0,0,0,0,0,0,0,0,0,0,0,0,0,0,0,0,0,0
1.02787e+18,0,0,0,0,0,0,0,0,0,0,0,0,0,0,0,0,0,0,0,0,0
1.02183e+18,0,0,0,0,0,0,0,0,0,0,0,0,0,0,0,0,0,0,0,0,0
299319147.0,0,0,0,0,1,1,0,0,1,1,0,0,0,0,0,0,0,0,0,0,1
1.00806e+18,0,0,0,0,0,0,0,0,0,0,0,0,0,0,0,0,0,0,0,0,0
302891701.0,0,0,0,0,0,1,0,0,0,1,0,0,0,0,0,0,0,0,0,0,1
26849998.0,0,0,0,0,1,1,0,0,0,1,0,1,0,0,0,0,0,0,0,0,0
9.99352e+17,0,0,0,0,0,0,0,0,0,0,0,0,0,0,0,0,0,0,0,0,0
1518466440.0,0,0,0,0,1,1,0,0,0,1,1,0,0,0,0,0,0,0,0,0,0
2716100047.0,0,0,0,0,1,1,0,0,0,1,1,0,0,0,0,0,0,0,0,0,0
9.70178e+17,0,0,0,0,0,0,0,0,0,0,0,0,0,0,0,0,0,0,0,0,0
234572080.0,0,0,0,0,1,1,0,0,0,1,1,0,1,0,0,0,0,0,0,0,1
20116444.0,0,0,0,0,0,1,0,0,0,0,0,0,0,0,0,0,0,0,0,0,0
7.09929e+17,0,0,0,0,0,0,0,0,0,0,0,0,0,0,0,0,0,0,0,0,0
74239341.0,0,0,0,0,1,1,0,0,0,0,0,0,0,0,0,0,0,0,0,0,0
424514818.0,1,0,0,0,1,0,0,0,0,1,0,0,0,0,0,0,0,0,0,0,1
448522825.0,0,0,0,0,1,1,0,0,0,1,0,1,0,0,0,0,0,0,0,0,0
4552728017.0,0,0,0,0,1,1,0,1,0,0,1,0,1,1,0,0,1,0,0,0,1
729605804.0,0,0,0,0,1,1,0,1,0,1,1,0,1,0,0,0,0,0,0,1,0
37998036.0,0,0,0,0,0,0,0,0,0,0,0,0,0,0,0,0,0,0,0,0,0
9.29829e+17,0,0,0,0,0,0,0,0,0,0,0,0,0,0,0,0,0,0,0,0,0
2464751621.0,0,0,0,0,1,1,1,1,0,0,1,0,1,1,1,1,0,0,0,0,0
22013202.0,0,0,0,0,0,0,0,0,0,0,0,0,0,0,0,0,0,0,0,0,0
22630463.0,0,0,0,0,1,1,0,0,0,1,1,1,0,0,0,0,0,0,0,0,0
7.6177e+17,0,0,0,0,0,0,0,0,0,0,0,0,0,0,0,0,0,0,0,0,0
96144833.0,0,0,0,0,1,1,0,0,0,0,1,0,0,0,0,0,0,0,0,0,0
40143960.0,0,0,0,0,1,1,0,0,0,1,0,1,0,0,0,0,0,0,0,0,0
2581274741.0,0,0,0,0,0,0,0,0,1,0,0,0,0,0,0,0,0,0,0,0,0
1432331317.0,0,0,0,0,0,0,0,0,0,1,0,1,0,0,0,0,0,0,0,0,0
26093411.0,0,0,0,0,0,0,0,0,0,0,0,0,0,0,0,0,0,0,0,0,0
149390176.0,0,0,0,0,0,0,0,1,0,0,1,0,0,0,0,0,0,0,0,0,0
3012973231.0,0,0,0,0,0,0,0,0,0,0,0,0,0,0,0,0,0,0,1,0,1
330432697.0,1,0,1,0,0,0,1,1,0,0,0,0,0,0,1,0,0,0,1,0,0
2202480553.0,0,0,0,0,0,1,0,0,0,0,0,0,1,0,0,0,0,0,0,0,1
3022556831.0,1,0,1,0,0,0,0,1,1,0,0,0,1,1,0,0,0,1,1,0,0
400689403.0,0,0,0,0,0,0,0,1,1,0,0,0,0,0,0,0,0,0,0,0,0
37762914.0,0,0,0,0,1,0,0,0,1,0,1,1,1,0,0,0,0,0,0,0,0
45465571.0,0,0,0,0,1,1,0,0,0,0,0,0,0,0,0,0,0,0,0,0,1
547624089.0,0,0,0,0,1,1,0,0,0,0,1,1,1,0,0,0,0,0,0,0,1
7.22771e+17,0,0,0,0,0,0,0,0,0,0,0,0,0,0,0,0,0,0,0,0,0
4063993823.0,0,0,0,0,0,0,0,0,0,0,0,0,0,0,0,0,0,0,0,0,1
55131787.0,0,1,1,0,0,1,0,1,0,0,1,0,1,0,0,0,0,0,0,0,1
1.0554e+18,0,0,0,0,0,0,0,0,0,0,0,0,0,0,0,0,0,0,0,0,0
2850231413.0,0,0,0,0,0,1,0,0,0,0,1,0,0,0,0,0,0,0,0,0,0
2148025963.0,0,0,0,0,1,1,0,0,0,0,0,0,1,0,0,0,0,0,0,0,0
1583338284.0,0,0,0,0,0,0,0,0,1,0,1,0,0,0,0,0,0,0,0,1,0
1.00695e+18,0,0,0,0,0,0,0,0,0,0,0,0,0,0,0,0,0,0,0,0,0
3306008871.0,1,0,1,1,0,0,1,1,1,0,0,0,0,0,0,0,0,0,0,0,0
15504954.0,0,1,1,0,0,0,0,1,0,0,1,0,0,1,1,0,1,1,0,0,1
955961114.0,0,0,0,0,0,1,0,1,0,1,0,0,1,0,0,0,0,0,0,0,0
1240479372.0,0,0,0,0,0,0,0,0,0,0,0,0,0,0,0,0,0,0,0,0,0
9.70799e+17,0,0,0,0,0,0,0,0,0,0,0,0,0,0,0,0,0,0,0,0,0
625803999.0,0,0,0,0,0,1,0,0,0,1,1,0,0,0,0,0,0,0,0,0,0
8.27713e+17,0,0,0,0,0,0,0,0,0,0,0,0,0,0,0,0,0,0,0,0,0
343071287.0,0,0,0,0,1,1,0,0,0,0,0,0,0,0,0,0,0,0,0,0,0
170716826.0,0,0,0,0,1,1,0,1,0,1,1,0,1,0,0,0,0,0,0,0,0
312131107.0,0,0,0,0,0,0,0,0,0,0,0,0,0,0,0,0,0,0,0,0,0
16275839.0,0,0,0,0,0,0,0,0,0,0,0,0,0,0,0,0,0,0,0,0,0
366211434.0,0,0,0,0,0,0,0,0,0,0,0,0,0,0,0,0,0,0,0,0,0
16417577.0,0,0,0,0,1,1,0,0,0,1,1,1,1,0,0,0,0,0,0,0,0
36185677.0,0,0,0,0,0,0,0,0,0,0,0,0,0,0,0,0,0,0,0,0,0
624130308.0,1,0,1,0,0,0,0,0,0,0,0,0,0,1,0,0,0,0,1,0,1
1897841786.0,0,0,0,0,0,0,0,0,0,0,0,0,0,0,0,0,0,0,0,0,0
21677872.0,0,0,1,0,1,1,1,1,1,1,1,1,1,0,0,0,0,0,0,0,0
454623079.0,0,1,0,0,1,1,0,0,0,0,1,0,1,0,0,0,0,0,0,0,0
85107516.0,0,0,0,0,1,1,0,0,0,0,1,1,0,0,0,0,0,0,0,0,0
65531990.0,0,0,0,0,1,1,0,0,0,0,1,0,0,0,0,0,0,0,0,0,0
251598005.0,0,0,1,0,1,1,0,0,0,0,1,0,1,0,0,0,0,0,0,0,0
2922043706.0,1,1,0,0,0,0,0,0,0,0,0,0,0,0,0,0,0,0,0,0,0
8.34891e+17,0,0,0,0,0,0,0,0,0,0,0,0,0,0,0,0,0,0,0,0,0
1872882860.0,0,0,0,0,0,0,1,0,0,0,1,0,0,0,0,0,0,0,0,0,1
272690069.0,1,0,0,0,1,1,0,0,0,1,1,1,1,0,0,0,0,0,0,0,1
7.04792e+17,0,0,0,0,0,0,0,0,0,0,0,0,0,0,0,0,0,0,0,0,0
53086058.0,0,0,0,0,0,1,0,1,0,0,1,0,1,0,0,0,0,0,0,0,0
467809313.0,0,1,0,0,0,1,0,1,0,0,0,0,0,0,0,0,0,1,0,1,1
1073729432.0,0,0,1,0,1,1,0,0,0,0,1,0,1,0,0,0,0,0,0,1,1
3098562744.0,0,0,0,0,0,0,0,0,0,0,0,0,0,0,0,0,1,0,0,0,1
56173308.0,0,0,0,0,1,1,0,0,0,1,0,1,0,0,0,0,0,0,0,0,0
9.66769e+17,0,0,0,0,0,0,0,0,0,0,0,0,0,0,0,0,0,0,0,0,0
2424179396.0,0,0,0,0,1,0,0,0,0,0,0,0,0,0,0,0,0,0,0,0,0
18381011.0,0,0,0,0,1,1,0,0,0,1,1,1,0,0,0,0,0,0,0,0,0
9.85651e+17,0,0,0,0,0,0,0,0,0,0,0,0,0,0,0,0,0,0,0,0,0
57603004.0,0,0,0,0,0,0,0,0,0,0,0,0,0,0,0,0,0,0,0,0,0
64847390.0,0,0,0,0,1,1,0,0,0,0,1,0,0,0,0,0,0,0,0,0,1
93704142.0,0,0,0,0,0,1,0,0,0,0,1,0,0,0,0,0,0,0,0,0,0
82287688.0,0,0,0,0,0,1,0,1,1,0,1,0,0,0,0,0,0,1,0,1,1
9.90748e+17,0,0,0,0,0,0,0,0,0,0,0,0,0,0,0,0,0,0,0,0,0
1589726330.0,0,0,0,0,0,0,0,0,0,0,0,0,0,0,0,0,0,0,0,0,0
1309814191.0,0,0,0,0,0,0,0,0,0,0,0,0,0,0,0,0,0,0,0,0,0
4909241354.0,0,0,0,0,1,1,0,0,0,0,1,1,1,0,0,0,0,0,0,0,0
109141519.0,0,0,1,0,0,0,1,1,0,0,0,0,1,0,0,1,0,0,1,0,0
637310054.0,0,0,0,0,0,0,0,0,0,0,0,0,0,0,0,0,0,0,0,0,0
1142727199.0,0,0,0,0,1,1,0,0,0,0,1,0,0,0,0,0,0,0,0,0,0
2508766576.0,0,0,0,0,1,1,0,0,0,1,1,1,0,0,0,0,0,0,0,0,0
8.23094e+17,0,0,0,0,0,0,0,0,0,0,0,0,0,0,0,0,0,0,0,0,0
399420139.0,0,0,0,0,0,0,0,0,0,0,0,0,0,0,0,0,0,0,0,0,0
16186729.0,0,0,0,0,0,0,0,0,0,0,0,0,0,0,0,0,0,0,0,0,0
3221020902.0,0,0,0,0,1,1,0,0,0,0,0,0,0,0,0,0,0,0,0,0,0
1478421330.0,0,0,0,0,1,1,0,0,0,0,0,0,0,0,0,0,0,0,0,0,1
15515687.0,0,0,0,0,1,1,0,0,1,1,0,0,0,0,0,0,0,0,0,1,1
1.04574e+18,0,0,0,0,0,0,0,0,0,0,0,0,0,0,0,0,0,0,0,0,0
2245522401.0,0,0,0,0,0,0,0,0,0,0,0,0,0,0,0,0,0,0,0,0,0
78817140.0,0,0,0,0,1,0,0,0,0,0,0,0,0,0,0,0,0,0,0,0,0
7.34818e+17,0,0,0,0,0,0,0,0,0,0,0,0,0,0,0,0,0,0,0,0,0
235651731.0,0,1,1,0,0,0,0,1,1,0,0,0,0,0,0,0,0,0,1,0,0
371381034.0,0,0,0,0,1,1,0,0,0,1,0,0,0,0,0,0,0,0,0,0,0
8.24964e+17,0,0,0,0,0,0,0,0,0,0,0,0,0,0,0,0,0,0,0,0,0
584346368.0,0,0,0,0,1,1,0,0,0,1,1,1,1,0,0,0,0,0,0,0,0
1.04331e+18,0,0,0,0,0,0,0,0,0,0,0,0,0,0,0,0,0,0,0,0,0
139568571.0,0,0,0,0,0,0,0,0,0,0,1,0,0,0,0,0,0,0,0,0,0
343529149.0,0,0,0,0,0,0,0,0,0,0,0,0,0,0,0,0,0,0,0,0,0
1253475458.0,0,0,0,0,1,1,0,0,0,0,1,1,1,0,0,0,0,0,0,0,0
844759045.0,0,0,0,0,0,0,0,0,0,0,0,0,0,0,0,0,0,0,0,0,0
2856804343.0,0,0,0,0,0,0,1,0,0,0,0,0,0,0,0,0,0,0,0,0,0
323167390.0,0,0,0,0,1,1,0,0,0,1,1,1,1,0,0,0,0,0,0,0,1
8.34479e+17,0,0,0,0,0,0,0,0,0,0,0,0,0,0,0,0,0,0,0,0,0
1.06553e+18,0,0,0,0,0,0,0,0,0,0,0,0,0,0,0,0,0,0,0,0,0
1288076450.0,0,0,0,0,0,0,0,0,0,0,0,0,0,0,0,0,0,0,0,0,0
2302608836.0,0,1,1,0,1,1,1,1,1,1,1,1,1,0,1,1,0,0,0,0,0
7.84055e+17,0,0,0,0,0,0,0,0,0,0,0,0,0,0,0,0,0,0,0,0,0
7.29716e+17,0,0,0,0,0,0,0,0,0,0,0,0,0,0,0,0,0,0,0,0,0
501192668.0,0,0,0,0,0,0,0,0,0,0,0,0,0,0,0,0,0,0,0,0,0
8.69757e+17,0,0,0,0,0,0,0,0,0,0,0,0,0,0,0,0,0,0,0,0,0
1252533878.0,0,0,0,0,1,1,0,0,0,0,0,0,0,0,0,0,0,0,0,0,1
2466886974.0,0,0,0,0,1,1,0,0,0,0,1,1,0,0,0,0,0,0,0,0,0
1472909418.0,0,0,0,0,1,1,1,1,0,1,1,1,0,0,0,0,0,0,0,0,0
2960035080.0,0,1,0,0,0,0,0,1,1,0,0,0,0,0,0,0,0,0,0,0,0
592377551.0,0,0,0,0,0,0,0,0,0,0,0,0,0,0,0,0,0,0,0,0,1
461725704.0,0,0,0,0,0,0,0,0,0,0,0,0,0,0,0,0,0,0,0,0,1
7.94621e+17,0,0,0,0,0,0,0,0,0,0,0,0,0,0,0,0,0,0,0,0,0
479701227.0,0,0,1,0,1,1,0,1,1,0,0,0,0,0,0,0,0,0,0,0,0
2986446757.0,0,0,0,0,0,0,0,0,0,0,1,0,0,0,0,0,0,0,0,0,0
20823703.0,0,0,0,0,1,1,0,0,0,1,1,0,0,0,0,0,0,0,0,1,0
1850034782.0,0,0,0,0,1,1,0,0,0,0,1,0,0,0,0,0,0,0,0,0,0
1.02595e+18,0,0,0,0,0,0,0,0,0,0,0,0,0,0,0,0,0,0,0,0,0
62400202.0,0,0,0,0,0,0,0,0,0,0,0,0,0,0,0,0,0,0,0,0,0
1005151022.0,0,0,0,0,0,0,0,0,0,0,0,0,0,0,0,0,0,0,0,0,0
2596413645.0,0,0,0,0,1,1,0,1,0,1,0,1,1,0,0,0,0,0,0,0,0
7.38818e+17,0,0,0,0,0,0,0,0,0,0,0,0,0,0,0,0,0,0,0,0,0
365117506.0,1,1,1,1,1,1,1,1,1,1,1,1,1,0,1,1,0,0,1,0,1
297104442.0,0,0,0,0,0,0,0,0,0,0,0,0,0,0,0,0,0,1,0,0,0
3078275369.0,0,0,0,0,0,1,0,0,0,0,1,1,1,0,0,0,0,0,0,0,0
8.21706e+17,0,0,0,0,0,0,0,0,0,0,0,0,0,0,0,0,0,0,0,0,0
545706921.0,0,0,0,0,1,1,0,0,0,0,1,0,0,0,0,0,0,0,0,0,0
502141899.0,0,0,0,0,1,1,0,0,0,1,1,0,0,0,0,0,0,0,0,0,0
9.11606e+17,0,0,0,0,0,0,0,0,0,0,0,0,0,0,0,0,0,0,0,0,0
1073775120.0,0,0,0,0,0,0,0,1,0,1,0,1,1,0,0,0,0,0,0,0,0
942804480.0,0,0,0,0,1,1,0,0,0,0,0,0,0,0,0,0,0,0,0,0,0
42174947.0,0,0,0,0,0,0,0,1,1,0,1,0,0,0,0,0,1,0,0,0,0
3063797718.0,0,0,0,0,1,1,0,0,0,0,1,0,0,0,0,0,0,0,0,0,0
74898748.0,0,0,0,0,0,0,0,0,0,0,0,0,0,0,0,0,0,0,0,0,0
237330808.0,0,1,0,0,0,0,0,0,0,0,0,0,0,0,0,0,0,0,0,0,0
8.35266e+17,0,0,0,0,0,0,0,0,0,0,0,0,0,0,0,0,0,0,0,0,0
1869936032.0,0,1,0,0,1,1,0,0,1,0,1,0,1,0,0,0,0,0,0,1,1
391753321.0,0,0,0,0,0,0,0,0,0,0,0,0,0,0,0,0,0,0,0,0,0
31279898.0,0,0,0,0,0,0,0,1,0,0,0,0,1,0,0,0,0,0,0,0,0
21510890.0,1,0,0,0,0,1,0,1,0,0,0,0,0,0,0,0,0,0,0,0,1
8.3817e+17,0,0,0,0,0,0,0,0,0,0,0,0,0,0,0,0,0,0,0,0,0
188929329.0,0,0,0,0,0,0,0,0,0,0,1,0,0,0,0,0,0,0,0,0,0
615586300.0,0,0,0,0,0,0,0,0,0,0,0,0,0,0,0,0,0,0,0,0,1
8.75435e+17,0,0,0,0,0,0,0,0,0,0,0,0,0,0,0,0,0,0,0,0,0
53400136.0,0,0,0,0,1,1,1,1,1,1,1,1,1,0,1,0,0,0,0,0,1
311243003.0,0,0,0,0,1,1,0,0,0,1,0,1,0,0,0,0,0,0,0,0,0
32539716.0,0,0,0,0,0,0,0,0,0,0,0,0,0,0,0,0,0,0,0,0,0
1424502440.0,0,0,0,0,0,0,0,0,0,0,0,0,0,0,0,0,0,0,0,0,0
8.76243e+17,0,0,0,0,0,0,0,0,0,0,0,0,0,0,0,0,0,0,0,0,0
500729889.0,0,0,0,0,1,1,0,0,0,1,1,1,0,0,0,0,0,0,0,0,0
361816803.0,0,0,0,0,0,1,0,1,0,0,0,0,0,0,0,0,0,0,0,0,0
213499209.0,0,0,1,0,1,1,0,0,0,0,1,1,0,0,0,0,0,0,0,0,0
315473222.0,0,0,0,0,1,1,0,0,0,0,1,1,1,0,0,0,0,0,0,0,1
30255908.0,0,0,0,0,1,1,0,0,0,1,1,1,1,0,0,0,0,0,0,0,0
9.55763e+17,0,0,0,0,0,0,0,0,0,0,0,0,0,0,0,0,0,0,0,0,0
329037839.0,0,0,0,0,0,0,0,0,0,1,0,1,1,0,0,0,0,0,0,0,0
2649187963.0,1,0,1,0,0,0,0,0,0,0,0,0,1,0,1,0,0,1,0,0,1
1428894372.0,0,0,0,0,1,1,0,0,0,1,1,1,1,0,0,0,0,0,0,0,0
1.00415e+18,0,0,0,0,0,0,0,0,0,0,0,0,0,0,0,0,0,0,0,0,0
77196230.0,0,0,0,0,1,1,1,1,0,1,1,1,1,1,1,0,1,0,0,0,0
7.42034e+17,0,0,0,0,0,0,0,0,0,0,0,0,0,0,0,0,0,0,0,0,0
148001340.0,0,0,0,0,0,0,0,0,0,0,0,0,0,0,0,0,0,0,0,0,0
908902915.0,0,0,0,0,1,1,0,0,0,0,1,0,1,0,0,0,0,0,0,0,0
846178436.0,0,0,0,0,0,0,0,0,0,0,0,0,0,0,0,0,0,0,0,0,0
8.27683e+17,0,0,0,0,0,0,0,0,0,0,0,0,0,0,0,0,0,0,0,0,0
7.66478e+17,0,0,0,0,0,0,0,0,0,0,0,0,0,0,0,0,0,0,0,0,0
900239282.0,0,0,0,0,0,0,0,0,0,0,0,0,0,0,0,0,0,0,0,0,0
52427772.0,0,0,0,0,1,0,0,0,0,0,0,0,0,0,0,0,0,0,0,0,0
7.03668e+17,0,0,0,0,0,0,0,0,0,0,0,0,0,0,0,0,0,0,0,0,0
244616188.0,0,0,0,0,1,1,0,0,0,0,1,0,1,1,0,0,0,0,0,1,0
117287155.0,0,0,0,0,0,0,0,0,0,0,1,0,0,0,0,0,0,0,0,0,0
584180461.0,0,0,1,0,1,1,1,0,1,0,1,1,1,1,1,0,0,0,0,0,0
33036562.0,0,1,0,0,1,1,0,0,1,1,0,0,0,0,0,0,0,0,0,0,0
184595567.0,0,0,0,0,0,1,0,0,0,0,1,0,0,0,0,0,0,0,0,0,0
7.36353e+17,0,0,0,0,0,0,0,0,0,0,0,0,0,0,0,0,0,0,0,0,0
510794938.0,0,0,0,0,1,0,0,0,0,0,1,0,0,0,0,0,0,0,0,0,0
8.15331e+17,0,0,0,0,0,0,0,0,0,0,0,0,0,0,0,0,0,0,0,0,0
903712087.0,0,0,0,0,1,1,0,0,0,1,0,0,0,0,0,0,0,0,0,0,1
54482160.0,0,0,0,0,0,0,0,0,0,0,0,0,0,0,0,0,0,0,0,0,0
1880988674.0,0,0,0,0,0,1,0,0,0,0,1,0,0,0,0,0,0,0,0,0,0
404545919.0,0,0,0,0,0,0,0,0,0,0,0,0,0,0,0,0,0,0,0,0,0
318043793.0,0,0,0,0,0,0,0,0,0,0,0,0,0,0,0,0,0,0,0,0,0
28211757.0,0,0,0,0,0,0,0,0,0,0,0,0,0,0,0,0,0,0,0,0,0
7.51654e+17,0,0,0,0,0,0,0,0,0,0,0,0,0,0,0,0,0,0,0,0,0
8.77895e+17,0,0,0,0,0,0,0,0,0,0,0,0,0,0,0,0,0,0,0,0,0
134356719.0,0,0,0,0,1,1,0,0,0,1,0,0,0,0,0,0,0,0,0,0,0
145197619.0,0,0,0,0,1,1,0,0,0,0,1,0,1,0,0,0,0,0,0,0,0
9.1475e+17,0,0,0,0,0,0,0,0,0,0,0,0,0,0,0,0,0,0,0,0,0
1035795337.0,0,0,0,0,1,1,0,0,0,0,1,0,0,0,0,0,0,0,0,0,0
8.24525e+17,0,0,0,0,0,0,0,0,0,0,0,0,0,0,0,0,0,0,0,0,0
1.01628e+18,0,0,0,0,0,0,0,0,0,0,0,0,0,0,0,0,0,0,0,0,0
179356190.0,0,0,0,0,0,0,0,0,0,0,0,0,0,0,0,0,0,0,0,1,0
15483877.0,0,0,0,0,0,0,0,0,0,0,0,0,0,0,0,0,0,0,0,0,0
9.76824e+17,0,0,0,0,0,0,0,0,0,0,0,0,0,0,0,0,0,0,0,0,0
2434917444.0,0,0,0,0,1,1,0,1,0,1,0,0,1,0,0,0,0,0,0,0,0
3119046917.0,0,0,0,0,0,0,0,0,0,0,0,0,0,0,0,0,0,0,0,0,0
140831242.0,0,0,0,0,1,1,1,0,0,1,1,0,1,1,0,0,0,0,1,1,0
729511212.0,0,0,0,0,1,1,1,1,0,1,1,0,0,0,0,0,0,0,0,0,0
54108398.0,0,0,0,0,1,1,0,0,0,0,1,1,0,0,0,0,0,0,0,0,0
8.87529e+17,0,0,0,0,0,0,0,0,0,0,0,0,0,0,0,0,0,0,0,0,0
7.4655e+17,0,0,0,0,0,0,0,0,0,0,0,0,0,0,0,0,0,0,0,0,0
383244430.0,0,0,0,0,1,1,0,0,0,0,1,1,1,0,0,0,0,0,0,0,0
234035793.0,0,0,0,0,0,0,0,1,1,0,0,0,1,0,0,0,0,0,0,0,1
2766854385.0,0,0,1,0,0,0,0,0,0,0,0,0,0,0,0,0,0,1,0,0,1
25682740.0,0,0,0,0,0,0,0,0,0,0,0,0,0,0,0,0,0,0,0,0,0
3891621083.0,0,0,0,0,1,1,0,0,0,0,1,0,0,0,0,0,0,0,0,1,0
410076442.0,0,0,0,0,1,1,0,1,0,1,1,1,1,0,0,0,0,0,0,0,0
4855684452.0,0,0,0,0,0,0,0,0,0,0,0,0,0,0,0,0,0,0,0,0,1
9.52347e+17,0,0,0,0,0,0,0,0,0,0,0,0,0,0,0,0,0,0,0,0,0
33615031.0,0,0,0,0,1,1,0,0,0,1,1,1,1,0,0,0,0,0,0,1,0
9.25665e+17,0,0,0,0,0,0,0,0,0,0,0,0,0,0,0,0,0,0,0,0,0
620465284.0,0,0,1,0,0,1,0,1,0,0,0,0,0,0,0,0,0,0,0,1,0
922299224.0,0,0,0,0,1,1,0,0,0,1,0,0,0,0,0,0,0,0,0,0,1
7.62976e+17,0,0,0,0,0,0,0,0,0,0,0,0,0,0,0,0,0,0,0,0,0
331336942.0,0,0,0,0,0,0,0,0,0,0,0,0,0,0,0,0,0,0,0,0,0
9.96289e+17,0,0,0,0,0,0,0,0,0,0,0,0,0,0,0,0,0,0,0,0,0
76922528.0,0,0,0,0,0,0,0,0,0,0,0,0,0,0,0,0,0,0,0,0,1
7.97089e+17,0,0,0,0,0,0,0,0,0,0,0,0,0,0,0,0,0,0,0,0,0
31423686.0,0,0,0,0,0,0,0,0,0,0,0,0,0,0,0,0,0,0,0,0,0
19044900.0,0,0,0,0,0,0,1,0,0,1,0,0,0,0,0,0,1,0,0,0,0
8.64487e+17,0,0,0,0,0,0,0,0,0,0,0,0,0,0,0,0,0,0,0,0,0
268337935.0,0,0,0,0,0,0,0,0,0,0,1,0,1,0,0,0,0,0,0,1,1
8.72845e+17,0,0,0,0,0,0,0,0,0,0,0,0,0,0,0,0,0,0,0,0,0
1265060340.0,0,0,0,0,1,0,0,0,0,1,0,0,0,0,0,0,0,0,0,0,0
541058277.0,0,0,0,0,1,1,0,0,0,0,0,0,0,0,0,0,0,0,0,0,0
525682631.0,0,0,0,0,1,1,1,0,0,1,1,1,1,1,1,1,0,1,0,0,1
713203549.0,0,0,0,0,0,0,0,0,0,0,0,0,0,0,0,0,0,1,0,0,0
9.74845e+17,0,0,0,0,0,0,0,0,0,0,0,0,0,0,0,0,0,0,0,0,0
41743934.0,0,0,0,0,0,0,0,0,0,0,0,0,0,0,0,0,0,0,0,0,0
611362286.0,0,1,0,0,0,1,0,0,0,0,0,0,0,0,0,0,0,0,0,1,1
1.03666e+18,0,0,0,0,0,0,0,0,0,0,0,0,0,0,0,0,0,0,0,0,0
22025081.0,0,0,0,0,1,1,0,0,0,1,1,0,0,0,0,0,0,0,0,0,0
52741922.0,0,0,0,0,1,1,0,0,0,1,1,0,1,0,0,0,0,0,0,0,0
16074611.0,0,0,0,0,1,1,0,0,0,1,1,0,0,0,0,0,0,0,0,0,0
2963124291.0,0,0,0,0,0,1,0,0,0,0,1,0,0,0,0,0,0,0,0,0,1
1456418179.0,0,0,0,0,0,0,0,0,0,0,0,0,0,0,0,0,0,1,0,0,1
91750294.0,0,0,0,0,0,0,0,0,0,1,0,0,0,0,0,0,0,0,0,0,1
1704565218.0,0,0,0,0,0,0,0,0,0,0,0,0,0,0,0,0,0,0,0,0,0
98150731.0,0,0,0,0,1,1,0,0,0,1,1,1,1,0,0,0,0,0,0,0,0
716614986.0,0,0,1,0,0,0,0,1,1,0,0,0,1,0,1,0,0,1,0,0,1
386693541.0,0,0,0,0,1,1,0,0,0,1,1,0,0,0,0,0,0,0,0,0,0
363047635.0,0,0,0,0,1,0,0,0,1,0,0,0,0,0,0,0,0,0,0,1,0
39417123.0,1,1,1,0,0,0,1,1,1,0,0,0,0,1,1,1,0,0,1,1,1
42682664.0,0,0,0,0,0,0,0,0,0,0,0,0,0,0,0,0,0,0,0,0,0
172188790.0,0,0,0,0,0,0,0,0,0,0,0,0,0,0,0,0,0,0,0,0,0
1.04321e+18,0,0,0,0,0,0,0,0,0,0,0,0,0,0,0,0,0,0,0,0,0
19303795.0,0,0,0,0,1,1,0,0,0,0,1,0,0,0,0,0,0,0,0,0,0
7.63171e+17,0,0,0,0,0,0,0,0,0,0,0,0,0,0,0,0,0,0,0,0,0
15982541.0,1,0,1,0,1,1,0,0,1,0,0,0,0,0,0,0,1,0,0,0,0
1276420555.0,0,0,0,0,1,1,0,0,0,1,1,0,0,0,0,0,0,0,0,0,0
28430067.0,0,0,1,0,0,0,0,0,0,0,0,0,0,0,0,0,1,0,0,0,0
2275517017.0,0,0,0,0,1,0,0,0,0,0,1,0,0,0,0,0,0,0,0,0,0
103153813.0,0,0,0,0,1,1,0,0,0,0,0,0,1,0,0,0,0,0,0,0,0
624966341.0,0,0,0,0,0,0,0,0,0,0,0,0,0,0,0,0,0,0,0,0,0
2353532412.0,0,0,0,0,1,1,0,0,0,1,0,0,1,0,0,0,0,0,0,0,0
129665218.0,0,0,0,0,1,1,0,0,0,1,0,0,0,0,0,0,0,0,0,0,1
2153800784.0,0,0,0,0,0,0,0,0,0,0,0,0,0,0,0,0,0,0,0,0,0
62842852.0,0,0,0,0,1,1,0,0,0,0,1,1,1,0,0,0,0,0,0,0,0
176592179.0,0,0,1,0,0,0,1,0,1,0,0,0,0,0,1,0,0,0,0,0,0
520156484.0,0,0,0,0,1,1,0,0,0,1,1,1,1,0,0,0,0,0,0,0,1
7.81687e+17,0,0,0,0,0,0,0,0,0,0,0,0,0,0,0,0,0,0,0,0,0
1139035218.0,0,0,0,0,0,1,0,0,0,0,1,0,0,0,0,0,0,0,0,1,0
8.77337e+17,0,0,0,0,0,0,0,0,0,0,0,0,0,0,0,0,0,0,0,0,0
7.74806e+17,0,0,0,0,0,0,0,0,0,0,0,0,0,0,0,0,0,0,0,0,0
7.12182e+17,0,0,0,0,0,0,0,0,0,0,0,0,0,0,0,0,0,0,0,0,0
2249281829.0,0,0,0,0,1,0,0,0,0,0,1,0,0,0,0,0,0,0,0,0,0
8.3843e+17,0,0,0,0,0,0,0,0,0,0,0,0,0,0,0,0,0,0,0,0,0
8.70765e+17,0,0,0,0,0,0,0,0,0,0,0,0,0,0,0,0,0,0,0,0,0
3137343351.0,0,0,0,0,0,1,0,0,0,0,1,0,0,0,0,0,0,0,0,0,0
7.65883e+17,0,0,0,0,0,0,0,0,0,0,0,0,0,0,0,0,0,0,0,0,0
24295070.0,0,1,1,0,0,0,0,1,0,0,0,0,0,0,0,0,0,0,1,1,1
1930935205.0,0,0,0,0,1,1,0,0,0,1,0,0,0,0,0,0,0,0,0,0,0
9.35282e+17,0,0,0,0,0,0,0,0,0,0,0,0,0,0,0,0,0,0,0,0,0
1.05135e+18,0,0,0,0,0,0,0,0,0,0,0,0,0,0,0,0,0,0,0,0,0
22074515.0,0,0,0,0,0,0,0,0,0,0,0,0,0,0,0,0,0,0,0,0,0
1711488955.0,0,0,0,0,0,0,0,0,0,0,0,0,0,0,0,0,0,0,0,0,0
825847610.0,0,0,0,0,0,0,0,0,0,0,0,0,0,0,0,0,0,0,0,1,0
105196346.0,0,0,0,0,0,0,0,0,0,0,1,0,0,0,0,0,0,0,0,0,0
50655785.0,1,0,1,0,1,1,1,0,0,1,1,1,1,1,0,0,0,0,0,0,0
69773058.0,0,0,0,0,1,0,0,1,0,0,1,0,1,1,0,0,0,0,0,0,0
899130817.0,0,0,1,0,0,1,0,1,1,0,0,0,1,0,0,0,0,1,0,1,1
1640539129.0,0,0,0,0,1,1,0,0,0,0,0,0,0,0,0,0,0,0,0,0,0
76197254.0,0,0,0,0,1,1,0,0,0,0,0,0,0,0,0,0,0,0,0,1,0
3309801110.0,1,0,0,0,1,1,1,1,0,0,1,0,1,1,0,1,0,0,0,0,0
1090867674.0,0,0,0,0,1,1,0,0,0,0,1,0,0,0,0,0,0,0,0,1,0
3448739061.0,0,0,0,0,0,1,0,0,0,0,0,0,0,0,0,0,0,0,0,0,0
289761308.0,0,0,0,0,1,0,0,0,0,0,0,0,0,0,0,0,0,0,0,0,0
23772385.0,0,0,0,0,0,0,0,0,0,1,0,0,0,0,0,0,0,1,0,0,1
9.29693e+17,0,0,0,0,0,0,0,0,0,0,0,0,0,0,0,0,0,0,0,0,0
8.34957e+17,0,0,0,0,0,0,0,0,0,0,0,0,0,0,0,0,0,0,0,0,0
1669307058.0,0,0,0,0,0,0,0,0,0,0,1,0,0,0,0,0,0,0,0,0,0
529783017.0,0,0,0,0,1,1,0,0,0,0,1,1,1,0,0,0,0,0,0,0,1
1.01753e+18,0,0,0,0,0,0,0,0,0,0,0,0,0,0,0,0,0,0,0,0,0
547160299.0,0,0,0,0,1,1,0,0,0,1,0,0,0,0,0,0,0,0,0,0,0
3221095651.0,0,0,0,0,1,0,0,0,0,1,1,1,0,0,0,0,0,0,0,0,1
7.97214e+17,0,0,0,0,0,0,0,0,0,0,0,0,0,0,0,0,0,0,0,0,0
8.77241e+17,0,0,0,0,0,0,0,0,0,0,0,0,0,0,0,0,0,0,0,0,0
1190011369.0,0,0,0,0,1,1,0,0,0,0,1,0,1,0,0,0,0,0,0,0,1
3312152763.0,0,0,0,0,0,0,0,0,0,0,0,0,0,0,0,0,0,0,0,0,0
2918211724.0,0,0,0,0,0,0,0,0,0,1,1,0,0,0,0,0,1,0,1,0,0
1367159718.0,0,0,0,0,1,1,0,0,0,1,1,0,1,0,0,0,0,0,0,0,0
615994102.0,0,0,0,0,0,1,0,0,0,1,1,0,0,0,0,0,0,1,0,0,1
313707795.0,0,0,0,0,0,0,0,0,0,0,0,0,0,0,0,0,0,0,0,0,0
3375017176.0,0,0,0,0,0,0,0,0,0,0,0,0,0,0,0,0,0,0,0,0,0
3115105545.0,0,0,0,0,0,0,0,0,0,0,0,0,0,0,0,0,0,0,0,0,0
25846786.0,0,0,0,0,1,1,0,0,0,0,0,0,0,0,0,0,0,0,0,0,0
885547747.0,0,0,0,0,0,0,0,0,0,1,0,1,0,0,0,0,0,0,0,0,1
3327795386.0,0,0,0,0,0,1,0,0,0,1,0,0,1,0,0,0,0,0,0,0,0
279586965.0,0,0,0,0,0,0,0,0,0,0,0,0,0,0,0,1,0,0,0,0,0
1295835698.0,0,0,0,0,1,0,0,0,0,0,0,0,0,0,0,0,0,0,0,0,0
27226232.0,1,0,1,0,0,0,0,0,0,0,0,0,0,0,1,0,0,0,0,0,0
102074363.0,0,0,0,0,0,0,0,0,0,0,0,0,0,0,0,0,0,0,0,0,1
19379989.0,0,0,0,0,0,0,0,0,0,0,0,0,0,0,0,0,0,0,0,0,0
541264666.0,0,0,0,0,0,0,0,0,0,0,0,0,0,0,0,0,0,0,0,0,0
1851780427.0,0,0,0,0,0,0,0,0,0,0,0,0,0,0,0,0,0,0,0,0,0
213176344.0,0,0,0,0,1,1,0,0,0,0,0,0,0,0,0,0,0,1,1,0,0
7.7468e+17,0,0,0,0,0,0,0,0,0,0,0,0,0,0,0,0,0,0,0,0,0
2357065236.0,0,0,0,0,0,1,0,0,0,0,0,0,0,0,0,0,0,1,0,0,1
814002806.0,0,0,0,0,0,1,0,0,0,0,1,0,0,0,0,0,0,0,0,0,0
389769466.0,0,0,0,0,1,0,0,0,0,0,0,0,1,0,0,0,0,0,0,0,0
7.19964e+17,0,0,0,0,0,0,0,0,0,0,0,0,0,0,0,0,0,0,0,0,0
1229001145.0,0,0,0,0,1,0,1,1,1,1,1,0,1,0,0,0,0,1,1,0,1
8.05603e+17,0,0,0,0,0,0,0,0,0,0,0,0,0,0,0,0,0,0,0,0,0
260300238.0,0,0,0,0,0,0,0,0,0,0,0,0,0,0,0,0,0,0,0,0,0
356903644.0,0,0,0,0,0,0,0,0,0,0,0,0,0,0,0,0,0,1,0,0,0
532506362.0,0,0,0,0,1,1,0,1,0,1,1,1,1,0,0,0,0,0,0,0,0
3164546611.0,0,0,0,0,1,1,0,1,0,1,0,0,0,0,0,0,0,0,0,0,0
2610126494.0,0,0,0,0,1,1,0,0,0,1,1,1,1,0,0,0,0,0,0,0,0
809809260.0,0,0,0,0,1,1,0,0,0,0,0,0,0,0,0,0,0,0,0,0,0
3429359614.0,0,0,0,0,0,0,0,0,0,0,0,0,0,0,0,0,0,0,0,0,1
1.06357e+18,0,0,0,0,0,0,0,0,0,0,0,0,0,0,0,0,0,0,0,0,0
1225298792.0,0,0,0,0,1,1,0,0,0,0,0,1,0,0,0,0,0,0,0,0,1
338787461.0,0,0,0,0,0,0,0,0,0,0,0,0,0,0,0,0,0,0,0,0,0
191231821.0,0,1,1,0,1,1,0,0,1,1,1,0,1,1,1,0,0,0,1,1,0
16178962.0,1,0,1,0,0,0,1,1,1,0,0,0,0,1,1,1,1,0,1,0,0
9.5168e+17,0,0,0,0,0,0,0,0,0,0,0,0,0,0,0,0,0,0,0,0,0
2271154237.0,0,0,0,0,1,1,0,0,0,1,1,0,1,0,0,0,0,0,0,0,0
55886862.0,0,0,0,0,0,1,0,1,0,0,0,0,1,0,0,0,0,0,0,1,1
584068651.0,0,0,0,0,0,0,0,1,0,0,0,0,0,0,0,0,0,1,0,0,1
1681769948.0,0,0,0,0,0,0,0,0,0,0,0,0,0,0,0,0,0,0,0,0,0
7.22211e+17,0,0,0,0,0,0,0,0,0,0,0,0,0,0,0,0,0,0,0,0,0
1654860272.0,0,0,0,0,0,0,0,0,0,0,0,0,0,0,0,0,0,0,0,0,0
1679678862.0,0,0,0,0,1,0,0,0,0,0,0,0,0,0,0,0,0,0,0,0,0
198102676.0,0,0,0,0,1,1,0,0,0,0,0,0,1,0,0,0,0,0,0,0,0
64047904.0,0,0,0,0,1,1,0,0,0,1,1,1,1,0,0,0,0,0,0,1,1
117779238.0,0,0,0,0,0,0,0,0,0,0,1,0,0,0,0,0,0,0,0,0,0
137808055.0,0,0,0,0,0,0,0,0,0,1,0,0,0,0,0,0,0,0,0,0,0
27058144.0,0,0,0,0,1,0,0,0,1,0,0,0,0,0,0,0,0,0,0,0,0
7.74227e+17,0,0,0,0,0,0,0,0,0,0,0,0,0,0,0,0,0,0,0,0,0
464830065.0,0,0,0,0,0,1,0,1,0,0,1,0,0,0,0,0,0,0,0,0,1
906405932.0,0,0,0,0,1,1,0,0,0,1,0,1,1,0,0,0,0,0,0,0,0
2518534279.0,0,0,0,0,1,1,0,0,0,1,1,1,0,0,0,0,0,0,0,0,0
179127070.0,0,0,0,0,0,0,0,0,0,0,0,0,0,0,0,0,0,0,0,0,0
15485971.0,0,0,1,0,0,0,0,0,0,0,0,0,0,0,0,0,0,0,0,0,0
8.20415e+17,0,0,0,0,0,0,0,0,0,0,0,0,0,0,0,0,0,0,0,0,0
154751561.0,0,0,0,0,0,0,0,0,0,0,0,0,0,0,0,0,0,0,0,1,0
630699123.0,0,0,1,0,0,0,0,1,1,0,0,0,0,0,0,0,0,0,0,0,1
1901829000.0,0,0,0,0,0,0,0,0,0,1,0,0,0,0,0,0,0,0,0,0,1
350308612.0,0,0,0,0,1,1,0,0,0,1,1,0,0,0,0,0,0,0,0,0,0
17815320.0,0,0,0,0,0,0,0,0,0,0,0,0,0,0,0,0,0,0,0,0,0
48152264.0,0,0,0,0,0,0,0,0,0,0,0,0,0,0,0,0,0,0,0,0,0
8.21726e+17,0,0,0,0,0,0,0,0,0,0,0,0,0,0,0,0,0,0,0,0,0
227005173.0,0,0,0,0,0,0,1,0,1,0,0,0,0,0,0,0,0,0,1,0,0
8.73997e+17,0,0,0,0,0,0,0,0,0,0,0,0,0,0,0,0,0,0,0,0,0
18996558.0,0,0,0,0,1,1,0,1,0,0,1,1,1,0,0,0,0,0,0,0,0
317856032.0,0,0,0,0,1,1,0,0,0,0,0,0,1,0,0,0,0,0,0,0,0
584799021.0,0,0,0,0,0,0,0,0,0,0,0,0,0,0,0,0,0,0,0,0,0
16177985.0,0,0,0,0,1,1,0,0,0,0,0,1,0,0,0,0,0,0,0,0,0
33542755.0,0,0,0,0,1,0,0,1,0,0,0,0,0,0,0,0,0,0,0,0,0
2704577737.0,0,0,0,0,1,1,0,0,0,1,0,0,0,0,0,1,0,0,0,0,0
91272139.0,0,0,0,0,1,1,0,0,0,1,1,0,0,0,0,0,0,0,0,0,0
929957274.0,0,0,0,0,0,0,0,0,0,0,1,0,0,0,0,0,0,0,0,0,0
9.21056e+17,0,0,0,0,0,0,0,0,0,0,0,0,0,0,0,0,0,0,0,0,0
7.96208e+17,0,0,0,0,0,0,0,0,0,0,0,0,0,0,0,0,0,0,0,0,0
1256233656.0,0,0,0,0,0,0,0,0,0,0,0,0,0,0,0,0,0,0,0,0,0
378101398.0,0,0,0,0,1,1,0,0,0,0,0,0,0,0,0,0,0,0,0,0,0
842828827.0,0,0,0,0,0,0,0,0,0,0,0,0,0,0,0,0,0,0,0,0,1
3035320711.0,0,0,0,0,1,1,0,0,0,0,0,0,0,0,0,0,0,0,0,0,0
1045970028.0,0,0,0,0,1,1,0,0,0,0,1,1,0,0,0,0,0,0,0,0,0
36101482.0,0,0,0,0,1,1,0,0,0,1,1,0,0,0,0,0,0,0,0,0,0
3037784920.0,0,0,0,0,0,0,0,0,0,0,0,0,0,0,0,0,0,0,0,0,0
7.69241e+17,0,0,0,0,0,0,0,0,0,0,0,0,0,0,0,0,0,0,0,0,0
1465899020.0,0,0,0,0,1,1,0,1,1,0,0,0,1,0,0,0,0,0,0,0,1
268071470.0,0,0,0,0,0,0,0,0,0,0,0,0,0,0,0,0,0,0,0,1,1
1548978110.0,0,0,0,0,1,0,0,0,0,1,1,0,0,0,0,0,0,0,0,0,0
15581087.0,0,0,0,0,0,0,0,0,0,0,0,0,0,0,0,0,0,0,0,0,0
521874211.0,0,0,0,0,0,0,0,0,0,0,0,0,0,0,0,0,0,0,0,0,0
225875720.0,0,0,0,0,0,1,0,0,0,0,0,0,0,0,0,0,0,0,0,0,0
1.03844e+18,0,0,0,0,0,0,0,0,0,0,0,0,0,0,0,0,0,0,0,0,0
3020377001.0,0,0,0,0,0,0,0,0,0,0,0,0,0,0,0,0,0,0,0,0,0
7.12575e+17,0,0,0,0,0,0,0,0,0,0,0,0,0,0,0,0,0,0,0,0,0
1.05576e+18,0,0,0,0,0,0,0,0,0,0,0,0,0,0,0,0,0,0,0,0,0
19150268.0,0,0,0,0,1,1,0,1,0,0,0,0,1,0,0,0,0,1,0,0,0
564891745.0,0,0,0,0,0,0,0,0,0,0,0,0,0,0,0,0,0,0,0,1,1
49704854.0,0,0,0,0,1,1,0,0,0,1,0,0,0,0,0,0,0,0,0,0,0
713412258.0,0,0,0,0,0,1,1,0,0,1,0,1,0,0,0,0,0,0,0,0,1
73294646.0,0,0,0,0,1,1,0,0,0,0,1,0,1,0,0,0,0,0,0,0,0
345038829.0,0,0,0,0,0,0,0,1,1,0,0,0,0,0,0,0,0,0,0,1,0
1599187518.0,0,0,0,0,1,1,0,0,0,1,0,0,0,0,0,0,0,0,0,0,0
609510443.0,0,0,0,0,0,0,0,0,0,0,0,0,0,0,0,0,0,0,0,0,0
261022110.0,0,0,0,0,0,0,0,0,0,0,0,0,0,0,0,0,0,0,0,0,0
2372826516.0,0,0,0,0,1,1,0,1,0,1,1,0,0,0,0,0,0,0,0,0,1
17201340.0,0,0,0,0,1,1,0,0,1,1,1,0,1,0,0,0,0,0,0,0,0
508972338.0,0,0,0,0,0,0,0,0,0,0,0,0,0,0,0,0,0,0,0,0,0
8.97295e+17,0,0,0,0,0,0,0,0,0,0,0,0,0,0,0,0,0,0,0,0,0
48029691.0,0,0,0,0,0,0,0,0,0,1,1,0,1,0,1,0,0,0,0,0,1
1275849787.0,0,0,0,0,1,0,0,0,0,0,0,0,0,0,0,0,0,0,0,0,0
493689215.0,0,0,0,0,1,1,0,0,1,0,0,0,0,0,0,0,0,0,0,0,0
125004841.0,0,0,0,0,1,1,0,0,0,0,0,0,0,0,0,0,0,0,0,0,0
7.98869e+17,0,0,0,0,0,0,0,0,0,0,0,0,0,0,0,0,0,0,0,0,0
1.06501e+18,0,0,0,0,0,0,0,0,0,0,0,0,0,0,0,0,0,0,0,0,0
479793575.0,0,0,0,0,1,1,0,0,0,1,0,1,1,0,0,0,0,1,0,0,0
276924966.0,0,0,0,0,1,1,0,0,0,0,1,0,1,0,0,0,0,0,0,0,0
774039331.0,0,0,0,0,1,1,0,0,0,1,1,1,1,0,0,0,0,0,1,0,0
14415426.0,0,0,0,0,0,0,0,0,0,0,0,0,0,0,0,0,0,0,0,0,0
1268117587.0,0,0,0,0,1,1,0,0,0,1,1,0,0,0,0,0,0,0,0,0,0
313085085.0,0,0,0,0,0,0,0,0,0,0,0,0,0,0,0,0,0,0,0,0,0
8.49827e+17,0,0,0,0,0,0,0,0,0,0,0,0,0,0,0,0,0,0,0,0,0
472820520.0,0,0,0,0,1,0,0,0,0,0,0,0,0,0,0,0,0,0,1,0,0
4928065114.0,1,1,1,0,0,0,0,0,0,0,0,0,0,0,0,0,0,0,1,0,1
3968871987.0,0,0,0,0,0,0,0,0,0,0,0,0,0,0,0,0,0,0,0,0,0
2240686059.0,0,0,0,0,0,0,0,0,0,0,0,0,0,0,0,0,0,0,0,0,0
284716581.0,0,0,0,0,1,1,0,1,0,0,1,0,1,0,0,0,0,0,0,0,0
8.97554e+17,0,0,0,0,0,0,0,0,0,0,0,0,0,0,0,0,0,0,0,0,0
305682617.0,0,0,0,0,0,0,0,0,0,0,0,0,1,0,0,0,0,0,0,0,0
714555984.0,0,0,0,0,0,0,0,0,0,0,0,0,0,0,0,0,0,0,0,0,0
8.08651e+17,0,0,0,0,0,0,0,0,0,0,0,0,0,0,0,0,0,0,0,0,0
93976740.0,0,0,0,0,0,0,0,0,0,1,1,0,0,0,0,0,0,0,0,0,0
248806432.0,0,0,0,0,0,0,0,0,0,0,0,0,0,0,0,0,0,0,0,0,0
218180669.0,0,0,0,0,0,0,0,0,0,0,0,0,0,0,0,0,0,0,0,0,0
311726847.0,0,0,0,0,1,1,0,0,0,0,1,1,0,0,0,0,0,0,0,0,0
45513335.0,0,0,0,0,0,0,0,0,0,0,0,0,0,0,0,0,0,0,0,0,0
310407916.0,0,0,0,0,1,0,0,0,0,0,0,0,0,0,0,0,0,0,0,0,0
839041820.0,1,0,0,0,1,1,0,0,1,1,0,0,0,0,0,0,0,0,0,0,0
4643741.0,0,0,0,0,0,0,0,0,0,0,0,0,0,0,0,0,0,0,0,0,0
79564704.0,0,1,0,0,1,1,0,0,0,0,1,0,0,0,0,0,0,0,1,1,0
366919163.0,0,0,0,1,0,0,0,0,0,0,0,0,0,0,0,0,0,0,0,0,0
7.30233e+17,0,0,0,0,0,0,0,0,0,0,0,0,0,0,0,0,0,0,0,0,0
36690528.0,0,0,0,0,1,1,0,0,0,0,1,0,0,0,0,0,0,0,0,0,0
7.10917e+17,0,0,0,0,0,0,0,0,0,0,0,0,0,0,0,0,0,0,0,0,0
111470612.0,0,0,0,0,0,1,0,0,1,0,1,0,0,0,0,0,0,0,0,0,1
2927910276.0,0,0,0,0,0,0,0,1,0,0,1,0,1,0,0,0,0,0,0,0,1
2802300480.0,0,0,0,0,1,1,0,0,0,1,1,1,0,0,0,0,0,0,0,0,0
1216339028.0,0,0,0,0,1,1,0,0,0,1,1,0,0,0,0,0,0,0,0,0,0
3144484716.0,0,0,0,0,0,0,0,0,0,0,0,0,0,0,0,0,0,0,0,0,0
1240255963.0,0,0,0,0,1,1,0,0,0,1,1,1,0,0,0,0,0,0,0,0,0
8.92892e+17,0,0,0,0,0,0,0,0,0,0,0,0,0,0,0,0,0,0,0,0,0
8.66865e+17,0,0,0,0,0,0,0,0,0,0,0,0,0,0,0,0,0,0,0,0,0
147194416.0,0,0,1,0,0,0,0,1,1,1,0,0,1,1,0,0,0,1,1,1,0
165417991.0,0,0,0,0,0,0,0,0,0,0,0,0,0,0,0,0,0,0,0,0,0
176708313.0,0,0,0,0,1,1,0,0,0,1,1,0,0,0,0,0,0,0,0,0,1
2793962821.0,0,0,0,0,1,1,0,1,0,1,1,1,0,1,0,0,0,1,0,0,1
1013330785.0,0,0,0,0,1,1,0,0,0,1,1,0,0,0,0,0,0,0,0,0,0
555559926.0,0,0,0,0,1,1,0,0,0,1,1,0,1,0,0,0,0,0,0,0,1
16742706.0,0,0,0,0,1,1,0,1,0,0,1,1,1,0,0,0,0,0,0,0,1
8.83933e+17,0,0,0,0,0,0,0,0,0,0,0,0,0,0,0,0,0,0,0,0,0
2991534767.0,0,0,0,0,0,1,0,1,0,0,0,0,0,0,0,0,0,0,0,0,0
4368463402.0,0,0,0,0,1,1,1,1,1,0,1,0,1,0,0,0,0,0,0,0,1
9.75784e+17,0,0,0,0,0,0,0,0,0,0,0,0,0,0,0,0,0,0,0,0,0
7.88419e+17,0,0,0,0,0,0,0,0,0,0,0,0,0,0,0,0,0,0,0,0,0
1.02295e+18,0,0,0,0,0,0,0,0,0,0,0,0,0,0,0,0,0,0,0,0,0
7.46336e+17,0,0,0,0,0,0,0,0,0,0,0,0,0,0,0,0,0,0,0,0,0
7.50774e+17,0,0,0,0,0,0,0,0,0,0,0,0,0,0,0,0,0,0,0,0,0
7.28577e+17,0,0,0,0,0,0,0,0,0,0,0,0,0,0,0,0,0,0,0,0,0
1.01925e+18,0,0,0,0,0,0,0,0,0,0,0,0,0,0,0,0,0,0,0,0,0
9.54795e+17,0,0,0,0,0,0,0,0,0,0,0,0,0,0,0,0,0,0,0,0,0
701622306.0,0,0,0,0,0,0,0,0,0,0,0,0,0,0,0,0,0,0,0,0,0
1290031820.0,0,0,0,0,1,1,0,0,0,1,1,0,0,0,0,0,0,0,0,0,0
7.86274e+17,0,0,0,0,0,0,0,0,0,0,0,0,0,0,0,0,0,0,0,0,0
3541693335.0,0,0,0,0,1,1,0,0,0,1,1,0,1,0,0,0,0,0,0,0,1
7.95177e+17,0,0,0,0,0,0,0,0,0,0,0,0,0,0,0,0,0,0,0,0,0
561770118.0,0,0,0,0,1,1,0,0,0,1,0,1,1,0,0,0,0,0,0,0,0
372290437.0,0,0,0,0,0,0,0,0,0,0,0,0,0,0,0,0,0,0,0,0,0
7.42434e+17,0,0,0,0,0,0,0,0,0,0,0,0,0,0,0,0,0,0,0,0,0
397468039.0,0,0,0,0,1,1,0,0,0,1,1,0,0,0,0,0,0,0,0,0,1
402687606.0,0,0,0,0,0,1,0,0,0,0,0,0,0,0,0,0,0,0,0,0,1
2412046032.0,0,0,1,0,0,0,0,0,1,0,0,0,0,0,0,0,0,0,0,1,1
7.60249e+17,0,0,0,0,0,0,0,0,0,0,0,0,0,0,0,0,0,0,0,0,0
434323852.0,0,0,0,0,1,1,0,0,0,0,1,1,1,0,0,0,0,0,0,0,0
56621019.0,0,0,0,0,1,1,0,0,0,0,0,0,0,0,0,0,0,0,0,0,0
7.36377e+17,0,0,0,0,0,0,0,0,0,0,0,0,0,0,0,0,0,0,0,0,0
14530902.0,0,0,0,0,0,0,0,0,0,0,0,0,0,0,0,0,0,0,0,0,1
404622375.0,0,0,0,0,0,0,0,0,0,0,0,0,0,0,0,0,0,0,0,0,0
8.11062e+17,0,0,0,0,0,0,0,0,0,0,0,0,0,0,0,0,0,0,0,0,0
333761219.0,0,0,0,0,0,0,0,0,0,0,1,0,1,0,0,0,0,0,0,0,0
4435639992.0,0,0,0,0,0,0,0,0,0,0,0,0,0,0,0,0,0,0,0,0,1
9.65739e+17,0,0,0,0,0,0,0,0,0,0,0,0,0,0,0,0,0,0,0,0,0
7.91966e+17,0,0,0,0,0,0,0,0,0,0,0,0,0,0,0,0,0,0,0,0,0
35862180.0,0,0,0,0,0,1,0,0,0,1,1,0,0,0,0,0,0,0,0,0,0
20776597.0,0,0,0,0,1,1,0,0,0,1,0,1,0,0,0,0,0,0,0,0,0
8.1607e+17,0,0,0,0,0,0,0,0,0,0,0,0,0,0,0,0,0,0,0,0,0
3418177408.0,0,0,0,0,1,1,0,0,0,0,0,0,0,0,0,0,0,0,0,0,0
3169017014.0,0,0,0,0,1,1,0,0,0,1,0,0,0,0,0,0,0,0,0,0,0
9.06375e+17,0,0,0,0,0,0,0,0,0,0,0,0,0,0,0,0,0,0,0,0,0
7.53718e+17,0,0,0,0,0,0,0,0,0,0,0,0,0,0,0,0,0,0,0,0,0
64726373.0,0,0,0,0,1,1,0,0,0,1,1,1,1,0,0,0,0,0,0,0,0
19203426.0,0,0,1,0,0,0,0,1,0,0,0,0,0,1,1,0,0,0,1,1,0
25091455.0,0,0,0,0,0,0,0,0,0,0,0,0,0,0,0,0,0,0,0,0,0
1001766680.0,0,0,0,0,1,1,0,0,0,0,1,0,1,0,0,0,0,0,0,0,0
63960670.0,0,0,0,0,0,0,0,0,0,0,0,0,0,0,0,0,0,0,0,0,0
1.01397e+18,0,0,0,0,0,0,0,0,0,0,0,0,0,0,0,0,0,0,0,0,0
83175752.0,0,0,0,0,1,1,0,0,0,1,1,1,1,0,0,0,0,0,0,0,0
4922382031.0,0,0,0,0,0,0,0,0,0,0,0,0,0,0,0,0,0,0,0,0,0
818593304.0,0,0,0,0,1,1,1,1,0,0,1,1,1,1,0,0,0,0,0,1,1
1586730595.0,0,0,0,0,0,0,0,0,0,0,0,0,0,0,0,0,0,0,0,0,0
3021605339.0,0,0,0,0,1,1,0,0,0,0,1,1,1,0,0,0,0,0,0,0,0
26764189.0,0,0,0,0,0,0,0,0,0,0,0,0,0,0,0,0,0,0,0,0,0
92700246.0,0,0,0,0,1,1,0,0,0,0,1,0,0,0,0,0,0,0,1,0,0
7.71474e+17,0,0,0,0,0,0,0,0,0,0,0,0,0,0,0,0,0,0,0,0,0
945048835.0,0,0,0,0,1,0,0,0,0,0,1,0,0,0,0,0,0,0,0,0,0
24169256.0,0,0,0,0,0,0,0,0,0,1,1,0,0,0,0,0,0,0,0,0,0
18244206.0,0,0,0,0,1,1,1,1,1,1,1,1,1,0,0,0,0,1,0,1,1
174297119.0,0,1,1,0,0,0,0,1,0,1,1,1,1,1,0,0,0,0,0,0,0
268785622.0,0,0,0,0,0,0,0,0,0,0,0,0,0,0,0,0,0,0,0,0,0
8.94204e+17,0,0,0,0,0,0,0,0,0,0,0,0,0,0,0,0,0,0,0,0,0
3186643944.0,0,0,0,0,0,0,0,0,0,0,0,0,0,0,0,0,0,0,0,0,0
16413275.0,1,0,0,0,0,0,0,1,0,0,0,0,0,0,0,0,0,0,0,0,1
2906400119.0,0,0,0,0,0,0,0,0,0,0,0,0,0,0,0,0,0,0,0,0,0
8.96288e+17,0,0,0,0,0,0,0,0,0,0,0,0,0,0,0,0,0,0,0,0,0
270920918.0,0,0,0,0,0,0,0,0,0,0,0,0,0,0,0,0,0,0,0,0,0
813808915.0,0,0,1,0,0,0,0,1,1,0,0,0,0,0,0,0,0,1,0,0,0
8.66735e+17,0,0,0,0,0,0,0,0,0,0,0,0,0,0,0,0,0,0,0,0,0
386066738.0,0,0,0,0,0,0,0,0,0,0,0,0,0,0,0,0,0,0,0,0,0
216744717.0,0,0,0,0,1,1,0,0,0,1,1,0,0,0,0,0,0,0,0,0,0
258052165.0,0,0,0,0,0,0,0,1,1,0,0,0,0,0,0,0,0,0,0,1,0
800478360.0,0,0,0,0,1,1,0,0,0,0,1,1,1,0,1,0,0,0,0,0,0
198740876.0,0,0,0,0,1,1,0,0,0,0,1,1,1,0,0,0,0,0,0,0,0
7.53721e+17,0,0,0,0,0,0,0,0,0,0,0,0,0,0,0,0,0,0,0,0,0
4865590737.0,0,0,0,0,1,1,0,1,1,1,1,1,1,1,0,0,0,0,0,0,0
240003730.0,0,0,0,0,1,1,0,1,0,0,1,0,0,0,0,0,0,1,0,0,0
2444395363.0,0,0,0,0,1,1,0,1,0,1,1,1,1,0,0,0,0,0,0,0,0
8.36381e+17,0,0,0,0,0,0,0,0,0,0,0,0,0,0,0,0,0,0,0,0,0
346174832.0,0,0,0,0,0,0,0,0,0,0,0,0,0,0,0,0,0,0,0,0,0
288286499.0,0,0,0,0,0,0,0,0,0,0,0,0,0,0,0,0,0,0,0,0,1
356994348.0,0,0,0,0,0,0,0,0,0,0,0,0,0,0,0,0,0,0,0,0,1
87355171.0,0,0,0,0,0,0,0,0,0,0,0,0,0,0,0,0,0,0,0,0,0
548667953.0,0,0,0,0,1,1,0,0,0,0,1,0,0,0,0,0,0,0,0,1,1
38264857.0,0,0,0,0,0,0,0,0,0,0,0,0,0,0,0,0,0,0,0,0,0
2400472392.0,0,0,0,0,0,1,0,1,0,0,0,0,1,0,0,0,0,0,0,0,1
3221620115.0,0,0,0,0,1,1,0,0,0,1,1,0,0,0,0,0,0,0,0,0,1
8.9565e+17,0,0,0,0,0,0,0,0,0,0,0,0,0,0,0,0,0,0,0,0,0
7.4038e+17,0,0,0,0,0,0,0,0,0,0,0,0,0,0,0,0,0,0,0,0,0
816086424.0,0,0,0,0,0,1,0,0,0,1,0,0,0,0,0,1,0,0,0,0,1
8.38399e+17,0,0,0,0,0,0,0,0,0,0,0,0,0,0,0,0,0,0,0,0,0
2979157847.0,0,0,0,0,1,1,0,0,0,0,0,0,0,0,0,0,0,0,0,0,0
1790581200.0,0,0,0,0,0,0,0,0,0,0,0,0,0,0,0,0,0,0,0,0,0
438449199.0,0,0,0,0,1,1,0,0,1,1,1,1,1,0,0,0,0,0,0,0,0
1471630824.0,0,0,0,0,0,0,0,0,0,1,0,0,0,0,0,0,0,0,0,0,0
3248832505.0,0,0,0,0,0,1,0,0,0,0,1,0,0,0,0,0,0,0,0,0,0
210446816.0,1,1,1,1,1,0,1,1,1,1,1,0,1,1,1,1,1,0,1,0,1
517725211.0,1,0,1,1,0,0,1,1,1,1,0,0,1,1,1,1,0,0,1,1,1
9.81356e+17,0,0,0,0,0,0,0,0,0,0,0,0,0,0,0,0,0,0,0,0,0
298646188.0,0,0,0,0,1,1,0,0,0,0,0,0,0,0,0,0,0,0,0,0,0
234943256.0,0,0,0,0,1,1,0,1,0,0,1,0,0,0,0,0,0,0,0,0,0
18785325.0,0,1,0,0,0,1,0,0,0,0,0,0,0,0,0,0,0,0,0,0,0
278334728.0,1,0,1,0,0,0,0,0,0,0,0,0,0,0,0,0,0,0,1,0,0
67598710.0,0,0,0,0,1,1,0,0,0,0,0,0,0,0,0,0,0,0,0,0,0
2912429401.0,0,0,0,0,1,0,0,0,0,0,0,0,0,0,0,0,0,0,0,0,0
1450231970.0,0,0,0,0,1,1,0,1,0,0,1,0,1,0,0,0,0,0,0,0,0
768387865.0,0,0,0,0,1,1,0,0,1,0,1,0,1,0,0,0,0,0,0,1,0
178207063.0,0,0,0,0,0,0,0,0,0,0,0,0,0,0,0,0,0,0,0,1,0
49422988.0,0,0,0,0,0,0,0,0,0,1,0,0,0,0,0,0,1,0,0,0,0
76718849.0,0,1,1,0,0,0,0,0,0,0,0,0,0,0,0,0,0,0,0,0,1
2457414583.0,0,0,0,0,1,1,0,0,0,1,1,1,0,0,0,0,0,0,0,0,0
383280311.0,0,0,0,0,1,1,0,0,1,0,0,0,1,0,0,0,0,0,0,0,0
376966590.0,0,0,0,0,1,1,0,0,0,1,0,1,1,0,0,0,0,0,0,1,0
25842388.0,0,0,0,0,1,1,0,0,0,0,0,0,0,0,0,0,0,0,0,0,0
2456343741.0,0,0,0,0,1,1,0,0,0,0,1,0,0,0,0,0,0,0,0,0,1
8.7706e+17,0,0,0,0,0,0,0,0,0,0,0,0,0,0,0,0,0,0,0,0,0
190665466.0,0,0,0,0,1,1,0,0,0,0,0,0,0,0,0,0,0,0,0,0,0
1.03534e+18,0,0,0,0,0,0,0,0,0,0,0,0,0,0,0,0,0,0,0,0,0
2193478807.0,0,0,0,0,0,0,0,0,0,0,0,0,1,0,0,0,0,0,0,0,0
1.02257e+18,0,0,0,0,0,0,0,0,0,0,0,0,0,0,0,0,0,0,0,0,0
1155819500.0,1,1,1,0,0,0,0,0,1,0,0,0,1,0,1,1,1,1,1,0,1
15459219.0,0,0,0,0,0,0,0,0,0,0,0,0,0,0,0,0,0,0,0,0,0
89655673.0,0,0,1,0,1,0,0,0,1,0,1,0,0,0,0,0,0,0,1,0,0
1.05363e+18,0,0,0,0,0,0,0,0,0,0,0,0,0,0,0,0,0,0,0,0,0
189315644.0,0,0,0,0,0,0,0,0,0,0,0,0,0,0,0,0,0,0,0,0,0
2726394214.0,0,0,0,0,0,0,0,0,0,0,0,0,0,0,0,0,0,0,0,0,0
2450529973.0,0,0,0,0,0,0,0,1,0,0,1,0,0,0,0,0,0,0,0,0,0
30264940.0,0,0,0,0,1,1,0,0,0,0,0,0,0,0,0,0,0,0,0,0,0
249173448.0,0,0,0,0,0,1,0,0,0,0,0,0,0,0,0,0,0,0,0,0,0
501358743.0,0,0,0,0,0,1,0,0,0,1,1,0,0,0,0,0,0,0,0,0,0
790830852.0,0,0,0,0,1,1,0,0,0,1,1,0,0,0,0,0,0,0,0,0,0
836809158.0,0,0,0,0,0,1,0,0,0,0,0,0,0,0,0,0,0,0,0,0,0
793011860.0,0,0,0,0,1,1,0,0,0,1,1,1,1,0,0,0,0,0,0,0,0
53553292.0,0,0,0,0,0,0,0,0,0,0,0,0,0,0,0,0,0,0,0,0,0
2887762008.0,0,0,0,0,0,0,0,1,0,0,0,0,0,0,0,0,0,1,0,0,1
8.22882e+17,0,0,0,0,0,0,0,0,0,0,0,0,0,0,0,0,0,0,0,0,0
305423542.0,0,0,0,0,0,0,0,0,0,0,1,0,0,0,0,0,0,0,0,0,0
792161725.0,0,0,0,0,0,0,0,1,0,0,1,1,1,0,0,0,0,0,0,0,1
7997592.0,0,0,0,0,0,0,0,0,0,0,0,0,0,0,0,0,0,0,0,0,0
34997646.0,0,0,0,0,1,1,0,0,0,1,1,1,1,0,0,0,0,0,0,0,0
3370552264.0,0,0,0,0,0,0,0,0,0,0,0,0,0,0,0,0,0,0,0,0,0
7.31556e+17,0,0,0,0,0,0,0,0,0,0,0,0,0,0,0,0,0,0,0,0,0
4831870234.0,0,0,0,0,1,1,0,0,0,1,0,1,1,0,1,0,0,0,0,0,0
9.59234e+17,0,0,0,0,0,0,0,0,0,0,0,0,0,0,0,0,0,0,0,0,0
1677163831.0,0,0,0,0,0,0,0,0,0,0,0,0,0,0,0,0,0,0,0,0,0
7.74629e+17,0,0,0,0,0,0,0,0,0,0,0,0,0,0,0,0,0,0,0,0,0
9.14559e+17,0,0,0,0,0,0,0,0,0,0,0,0,0,0,0,0,0,0,0,0,0
8.98426e+17,0,0,0,0,0,0,0,0,0,0,0,0,0,0,0,0,0,0,0,0,0
473508339.0,0,0,0,0,0,0,0,0,0,0,0,0,0,0,0,0,0,0,0,1,1
7.2723e+17,0,0,0,0,0,0,0,0,0,0,0,0,0,0,0,0,0,0,0,0,0
885732709.0,0,0,0,0,1,1,0,0,0,0,1,0,0,0,0,0,0,0,0,0,0
1262865452.0,0,0,0,0,0,0,0,0,0,1,0,0,0,0,0,0,0,0,0,0,0
4482121692.0,0,0,0,0,0,0,0,0,0,0,0,0,0,0,0,0,0,0,0,0,0
17913268.0,0,0,0,0,0,0,0,0,0,0,0,0,0,0,0,0,0,0,0,0,0
404566899.0,0,0,0,0,0,0,0,0,0,1,1,0,0,0,0,0,0,0,0,0,0
1606715557.0,0,0,0,0,0,0,0,0,0,0,0,0,0,0,0,0,0,0,0,0,0
559165863.0,0,0,0,0,0,0,0,0,0,0,0,0,0,0,0,0,0,0,0,0,0
82120074.0,0,0,0,0,1,1,0,0,0,0,0,0,0,0,0,0,0,0,0,0,0
237952645.0,0,0,0,0,0,0,0,0,0,0,0,0,0,0,0,0,0,0,0,0,0
9.38153e+17,0,0,0,0,0,0,0,0,0,0,0,0,0,0,0,0,0,0,0,0,0
4514237714.0,0,0,0,0,0,0,0,0,0,0,0,0,0,0,0,0,0,0,0,0,0
9.45242e+17,0,0,0,0,0,0,0,0,0,0,0,0,0,0,0,0,0,0,0,0,0
1491100254.0,0,1,0,0,0,0,0,1,0,0,0,0,1,0,0,0,0,0,0,0,0
4531597213.0,0,0,0,0,0,0,0,0,0,0,0,0,0,0,0,0,0,0,0,0,0
71752846.0,0,0,0,0,0,0,0,0,0,0,0,0,0,0,0,0,0,0,0,0,0
1067370961.0,1,0,0,0,0,1,0,0,0,0,0,0,0,0,0,0,0,0,0,0,0
2819992268.0,0,0,0,0,1,1,0,0,0,1,1,1,0,0,0,0,0,0,0,0,0
458074647.0,0,0,0,0,1,1,0,0,0,0,1,0,0,0,0,0,0,0,0,0,0
937651226.0,0,0,0,0,0,0,0,0,0,0,0,0,0,0,0,0,0,0,0,0,0
391570052.0,0,0,0,0,1,1,0,0,0,1,0,1,0,0,0,0,0,0,0,0,0
2485366338.0,0,0,0,0,0,0,0,0,0,0,0,0,1,0,0,0,0,0,0,1,0
8.42974e+17,0,0,0,0,0,0,0,0,0,0,0,0,0,0,0,0,0,0,0,0,0
2495108145.0,0,0,0,0,0,0,0,0,0,1,0,0,0,0,0,0,0,0,0,0,0
1020114925.0,0,0,0,0,0,1,0,0,0,0,1,0,0,0,0,0,0,0,0,0,1
7.56575e+17,0,0,0,0,0,0,0,0,0,0,0,0,0,0,0,0,0,0,0,0,0
42967882.0,0,0,0,0,0,0,0,1,0,0,1,0,0,0,0,0,0,0,0,0,0
22759398.0,0,0,0,0,0,1,0,0,0,0,0,0,0,0,0,0,0,0,0,0,0
8.74947e+17,0,0,0,0,0,0,0,0,0,0,0,0,0,0,0,0,0,0,0,0,0
156439495.0,0,0,0,0,1,1,0,0,1,1,1,0,1,0,0,0,0,0,0,0,0
7.97072e+17,0,0,0,0,0,0,0,0,0,0,0,0,0,0,0,0,0,0,0,0,0
102863133.0,0,0,0,0,0,0,0,0,0,0,0,0,0,0,0,0,0,0,0,0,0
1.0162e+18,0,0,0,0,0,0,0,0,0,0,0,0,0,0,0,0,0,0,0,0,0
30755603.0,0,1,0,0,0,0,0,0,1,0,0,0,0,0,0,0,0,0,0,1,0
9.39202e+17,0,0,0,0,0,0,0,0,0,0,0,0,0,0,0,0,0,0,0,0,0
922156753.0,0,0,0,0,1,0,0,0,0,1,0,0,1,0,0,0,0,0,0,1,1
1541000665.0,0,0,0,0,0,0,0,0,0,0,0,0,0,0,0,0,0,0,0,0,0
907143589.0,0,0,0,0,1,1,0,1,0,1,1,1,1,0,0,0,0,0,0,0,0
458093255.0,0,0,0,0,0,0,0,0,0,0,0,0,0,0,0,0,0,0,0,0,0
8.11776e+17,0,0,0,0,0,0,0,0,0,0,0,0,0,0,0,0,0,0,0,0,0
406001971.0,0,1,1,0,1,1,0,0,1,1,1,1,1,0,0,0,0,0,0,1,0
362292355.0,0,0,0,0,1,1,1,0,1,1,1,1,1,0,0,0,0,0,0,0,1
102583126.0,0,0,0,0,0,0,0,0,0,0,0,0,0,0,0,0,0,0,0,0,0
9.94269e+17,0,0,0,0,0,0,0,0,0,0,0,0,0,0,0,0,0,0,0,0,0
7.33711e+17,0,0,0,0,0,0,0,0,0,0,0,0,0,0,0,0,0,0,0,0,0
486506480.0,0,0,0,0,0,0,0,1,0,1,1,0,0,0,0,0,0,1,0,0,1
838170121.0,0,0,0,0,1,1,0,0,0,0,1,0,0,0,0,0,0,0,0,0,1
3206447235.0,0,0,0,0,0,1,0,0,0,0,1,0,0,0,0,0,0,0,0,0,0
2592202907.0,1,0,0,0,0,0,0,0,0,0,0,0,0,0,0,0,0,0,0,0,0
1.05103e+18,0,0,0,0,0,0,0,0,0,0,0,0,0,0,0,0,0,0,0,0,0
8.24797e+17,0,0,0,0,0,0,0,0,0,0,0,0,0,0,0,0,0,0,0,0,0
42119774.0,0,0,0,0,0,0,0,0,0,0,0,0,0,0,0,0,0,0,0,0,0
379770598.0,0,0,0,0,0,0,0,0,0,0,0,0,0,0,0,0,0,0,0,0,0
4530651312.0,0,0,0,0,0,0,0,0,0,0,0,0,0,0,0,0,0,0,1,1,0
8.13515e+17,0,0,0,0,0,0,0,0,0,0,0,0,0,0,0,0,0,0,0,0,0
27800494.0,0,0,0,0,0,1,0,0,0,1,0,0,0,0,0,0,0,0,0,0,1
8.3415e+17,0,0,0,0,0,0,0,0,0,0,0,0,0,0,0,0,0,0,0,0,0
1380347876.0,0,0,0,0,1,1,0,0,0,1,0,1,1,0,0,0,0,0,0,0,0
898831314.0,0,0,0,0,0,0,0,0,0,0,0,0,0,0,0,0,0,0,0,0,0
2845685645.0,0,0,0,0,1,1,0,0,0,0,0,0,1,0,0,0,0,0,0,1,0
104526867.0,0,0,0,0,1,1,0,0,1,0,0,0,1,0,0,0,0,0,0,0,0
1700440296.0,0,0,0,1,0,0,1,1,0,0,0,0,0,0,0,1,1,0,0,0,0
928977649.0,0,0,0,0,1,1,0,0,0,1,1,0,0,0,0,0,0,0,0,0,0
9.26117e+17,0,0,0,0,0,0,0,0,0,0,0,0,0,0,0,0,0,0,0,0,0
8.37711e+17,0,0,0,0,0,0,0,0,0,0,0,0,0,0,0,0,0,0,0,0,0
7.0938e+17,0,0,0,0,0,0,0,0,0,0,0,0,0,0,0,0,0,0,0,0,0
9.42517e+17,0,0,0,0,0,0,0,0,0,0,0,0,0,0,0,0,0,0,0,0,0
254768837.0,0,0,0,0,1,1,0,0,0,0,1,0,1,0,1,0,0,0,0,0,0
160566531.0,0,0,0,0,1,1,1,0,0,0,1,1,1,0,0,0,0,0,0,0,1
612210745.0,0,0,0,0,1,0,0,0,0,1,0,0,0,0,0,0,0,0,0,0,0
119430131.0,0,0,1,0,0,0,1,1,1,0,0,0,0,1,1,0,0,0,1,0,0
219359475.0,1,0,1,1,0,0,0,1,0,0,0,0,0,0,1,0,1,0,0,0,1
1646777863.0,0,0,0,0,1,1,0,1,0,0,0,0,0,0,0,0,0,0,0,0,1
557359031.0,0,0,0,0,1,1,0,0,0,0,1,0,1,0,0,0,0,0,0,0,1
422227626.0,0,0,0,0,0,0,0,0,0,0,0,0,0,0,0,0,0,0,0,0,0
520732302.0,0,0,0,0,0,1,0,0,1,0,1,0,0,0,0,1,0,0,0,1,0
18709225.0,0,0,0,0,0,1,0,1,0,0,0,0,0,0,0,0,0,0,0,0,0
373254153.0,0,1,1,0,1,1,0,1,1,1,0,0,1,0,0,0,0,0,0,0,1
874753495.0,0,0,0,0,0,1,0,1,0,0,0,0,0,0,0,0,0,0,0,0,0
2449223220.0,1,0,1,0,1,1,1,1,0,0,1,0,1,1,1,1,0,0,1,1,1
7.03699e+17,0,0,0,0,0,0,0,0,0,0,0,0,0,0,0,0,0,0,0,0,0
17569829.0,0,0,0,0,1,1,0,0,0,1,1,0,1,0,0,0,0,0,0,1,0
499417827.0,0,0,0,0,1,1,0,0,0,1,1,1,0,0,0,0,0,0,0,0,0
410438518.0,0,0,0,0,1,0,0,0,0,0,0,0,0,0,0,0,0,0,0,0,0
1.02117e+18,0,0,0,0,0,0,0,0,0,0,0,0,0,0,0,0,0,0,0,0,0
1.00507e+18,0,0,0,0,0,0,0,0,0,0,0,0,0,0,0,0,0,0,0,0,0
8.16786e+17,0,0,0,0,0,0,0,0,0,0,0,0,0,0,0,0,0,0,0,0,0
1364818592.0,0,0,0,0,0,0,0,0,0,0,0,0,0,0,0,0,0,0,0,0,0
22438063.0,0,1,1,0,0,0,0,0,0,0,0,0,0,0,0,0,0,0,0,0,0
7.68979e+17,0,0,0,0,0,0,0,0,0,0,0,0,0,0,0,0,0,0,0,0,0
1347207978.0,0,0,0,0,0,1,0,0,0,0,0,1,1,0,0,0,0,0,0,0,1
3884615473.0,0,0,0,0,0,0,0,0,0,0,0,0,0,0,0,0,0,0,0,1,1
2356993098.0,0,0,1,0,1,1,1,0,1,1,1,1,1,1,1,1,0,0,0,0,0
4831213143.0,0,0,0,0,0,0,0,0,0,0,0,0,0,0,0,0,0,0,0,0,1
41510024.0,0,0,0,0,1,1,0,0,1,0,0,0,0,0,0,0,0,0,0,0,1
63844810.0,0,0,0,0,0,0,0,0,0,1,0,0,0,0,0,0,0,0,0,1,0
23077071.0,0,0,1,0,0,0,1,1,1,0,0,0,0,0,0,0,0,0,0,0,0
22737535.0,0,0,0,0,0,0,0,0,0,0,0,0,0,0,0,0,0,0,0,0,0
492757873.0,0,0,1,0,1,1,0,1,1,0,1,1,1,0,0,0,0,0,0,0,0
93229038.0,0,0,0,0,1,1,0,0,0,0,0,1,1,0,0,0,0,0,0,0,1
9.51463e+17,0,0,0,0,0,0,0,0,0,0,0,0,0,0,0,0,0,0,0,0,0
8.49311e+17,0,0,0,0,0,0,0,0,0,0,0,0,0,0,0,0,0,0,0,0,0
3551287573.0,0,0,0,0,1,1,0,0,0,1,1,0,1,0,0,0,0,0,0,0,0
479500136.0,0,0,0,0,0,0,0,0,0,0,0,0,0,0,0,0,0,0,0,0,0
2344455277.0,1,1,1,0,1,0,1,1,1,0,1,0,0,0,1,0,1,0,0,1,1
392350723.0,0,0,0,0,0,0,0,0,0,0,1,0,0,0,0,0,0,0,0,1,0
7.80962e+17,0,0,0,0,0,0,0,0,0,0,0,0,0,0,0,0,0,0,0,0,0
7.62585e+17,0,0,0,0,0,0,0,0,0,0,0,0,0,0,0,0,0,0,0,0,0
2883957431.0,0,0,1,0,1,1,0,0,0,0,1,0,1,0,0,0,0,0,0,0,1
960995516.0,0,0,0,0,1,1,0,0,0,0,0,0,0,0,0,0,0,0,0,0,0
2831393517.0,0,0,0,0,1,1,0,0,0,1,0,0,1,0,0,0,0,0,0,0,0
3903052998.0,1,0,0,0,1,1,0,0,0,0,0,0,0,0,0,0,0,0,0,0,1
284231943.0,1,1,1,1,0,0,0,0,0,0,0,0,0,1,1,1,1,0,0,1,1
8.46817e+17,0,0,0,0,0,0,0,0,0,0,0,0,0,0,0,0,0,0,0,0,0
46597689.0,0,0,0,0,0,0,0,0,0,0,1,0,0,0,0,0,0,0,0,0,0
38783315.0,0,0,0,0,0,0,0,0,0,0,0,0,0,0,0,0,0,0,0,0,0
1387650432.0,0,0,0,0,0,0,0,0,0,0,0,0,0,0,0,0,0,0,0,0,0
26045319.0,0,1,1,0,0,0,1,0,1,0,0,0,0,1,1,0,0,0,1,0,1
9.02566e+17,0,0,0,0,0,0,0,0,0,0,0,0,0,0,0,0,0,0,0,0,0
39678329.0,0,0,0,0,0,0,0,0,0,0,0,0,0,0,0,0,0,0,0,0,0
9.2702e+17,0,0,0,0,0,0,0,0,0,0,0,0,0,0,0,0,0,0,0,0,0
21756298.0,0,0,0,0,1,1,0,1,1,1,1,0,0,0,0,0,0,0,0,0,1
8.15421e+17,0,0,0,0,0,0,0,0,0,0,0,0,0,0,0,0,0,0,0,0,0
200748838.0,0,0,0,0,0,1,0,0,0,1,0,0,0,0,0,0,0,0,0,0,0
47012195.0,0,0,0,0,0,0,0,0,0,1,0,0,0,0,0,0,0,0,0,0,1
1523539777.0,0,0,0,0,0,0,0,0,0,0,0,0,0,0,0,0,0,0,0,0,0
2919717789.0,0,0,0,0,0,1,0,0,0,1,1,0,0,0,0,0,0,0,0,0,0
886458961.0,0,0,0,0,0,0,0,0,0,0,0,0,0,0,0,0,0,0,0,0,0
1710516108.0,0,0,0,0,0,0,0,0,0,0,0,0,0,0,0,0,0,0,0,0,0
9.67586e+17,0,0,0,0,0,0,0,0,0,0,0,0,0,0,0,0,0,0,0,0,0
858366432.0,0,1,1,0,1,1,1,1,1,0,1,1,1,1,1,1,1,0,1,1,1
8.60275e+17,0,0,0,0,0,0,0,0,0,0,0,0,0,0,0,0,0,0,0,0,0
349724708.0,0,0,0,0,0,0,0,0,0,0,0,0,0,0,0,0,0,0,0,0,0
16714224.0,0,0,1,0,1,1,1,0,1,0,0,1,0,0,0,0,0,0,0,1,0
8.17794e+17,0,0,0,0,0,0,0,0,0,0,0,0,0,0,0,0,0,0,0,0,0
9.36972e+17,0,0,0,0,0,0,0,0,0,0,0,0,0,0,0,0,0,0,0,0,0
115838191.0,0,1,1,0,1,1,0,0,0,0,0,0,0,0,0,0,0,0,0,0,0
2417617939.0,0,0,0,0,1,0,0,0,0,0,0,0,0,0,0,0,0,0,0,0,0
8.91762e+17,0,0,0,0,0,0,0,0,0,0,0,0,0,0,0,0,0,0,0,0,0
792086186.0,0,0,0,0,1,1,0,0,0,1,1,1,1,0,0,0,0,0,0,0,0
9.88527e+17,0,0,0,0,0,0,0,0,0,0,0,0,0,0,0,0,0,0,0,0,0
8.24461e+17,0,0,0,0,0,0,0,0,0,0,0,0,0,0,0,0,0,0,0,0,0
2775724435.0,0,0,0,0,0,0,0,0,0,0,1,1,1,0,0,0,1,0,0,0,1
8.88483e+17,0,0,0,0,0,0,0,0,0,0,0,0,0,0,0,0,0,0,0,0,0
9.28378e+17,0,0,0,0,0,0,0,0,0,0,0,0,0,0,0,0,0,0,0,0,0
8.26603e+17,0,0,0,0,0,0,0,0,0,0,0,0,0,0,0,0,0,0,0,0,0
1749309397.0,0,0,1,0,0,0,0,0,0,0,0,0,0,0,0,0,0,0,0,0,1
191312181.0,0,0,0,0,0,0,0,0,0,0,0,0,0,0,0,0,0,0,0,0,0
1287455244.0,0,0,0,0,1,1,0,0,0,0,1,0,0,0,0,0,0,0,0,0,0
1051390844.0,0,0,0,0,0,0,0,0,0,0,1,0,0,0,0,0,0,0,0,0,0
9.67541e+17,0,0,0,0,0,0,0,0,0,0,0,0,0,0,0,0,0,0,0,0,0
70688702.0,0,0,0,0,1,1,0,0,0,1,1,0,1,0,0,0,0,0,0,0,0
3954250349.0,0,0,0,0,1,1,0,0,0,1,0,0,0,0,0,0,0,0,0,0,1
191177064.0,0,0,0,0,0,0,0,0,0,0,0,0,0,0,0,0,0,0,0,0,1
483424520.0,0,0,0,0,0,0,0,0,0,0,0,0,0,0,0,0,0,0,0,0,0
3759857293.0,0,0,0,0,1,0,0,1,0,1,1,0,0,0,0,0,0,0,0,0,1
7.60506e+17,0,0,0,0,0,0,0,0,0,0,0,0,0,0,0,0,0,0,0,0,0
297014677.0,0,0,0,0,0,0,0,0,0,0,1,0,0,0,0,0,0,0,0,0,0
8.71473e+17,0,0,0,0,0,0,0,0,0,0,0,0,0,0,0,0,0,0,0,0,0
8.31908e+17,0,0,0,0,0,0,0,0,0,0,0,0,0,0,0,0,0,0,0,0,0
32984080.0,0,0,0,0,1,1,0,0,0,1,0,0,0,0,0,0,0,0,0,0,1
19695234.0,0,0,0,0,0,0,0,0,0,0,0,0,0,0,0,0,0,0,0,0,0
2538413311.0,0,0,0,0,0,0,0,0,0,0,0,0,0,1,0,0,0,0,0,0,0
461803818.0,0,1,1,0,1,1,0,0,0,0,1,1,0,1,0,0,0,0,1,0,1
2213442814.0,0,0,0,0,0,0,0,0,0,0,0,0,0,0,0,0,0,0,0,0,0
7.05089e+17,0,0,0,0,0,0,0,0,0,0,0,0,0,0,0,0,0,0,0,0,0
1699750058.0,0,0,0,0,1,0,0,1,1,0,1,1,1,0,0,0,0,0,0,0,1
29484339.0,0,0,0,0,0,0,0,0,0,0,0,0,0,0,0,0,0,0,0,0,0
3176247273.0,0,0,1,0,0,0,1,0,1,0,1,1,1,1,0,0,0,0,1,0,1
9.29452e+17,0,0,0,0,0,0,0,0,0,0,0,0,0,0,0,0,0,0,0,0,0
1.04042e+18,0,0,0,0,0,0,0,0,0,0,0,0,0,0,0,0,0,0,0,0,0
21955906.0,0,0,0,0,0,0,0,0,0,0,0,0,0,1,0,0,0,0,0,0,0
7.89118e+17,0,0,0,0,0,0,0,0,0,0,0,0,0,0,0,0,0,0,0,0,0
9.18086e+17,0,0,0,0,0,0,0,0,0,0,0,0,0,0,0,0,0,0,0,0,0
2946928795.0,0,0,0,0,0,0,0,0,0,0,0,0,0,0,0,0,0,0,0,0,0
8.47268e+17,0,0,0,0,0,0,0,0,0,0,0,0,0,0,0,0,0,0,0,0,0
148081100.0,1,0,0,0,0,0,0,0,0,0,1,0,0,0,0,0,0,0,0,0,0
7.68126e+17,0,0,0,0,0,0,0,0,0,0,0,0,0,0,0,0,0,0,0,0,0
1528488757.0,0,0,0,0,1,1,0,1,0,0,0,1,1,1,0,0,0,0,0,0,1
8.19706e+17,0,0,0,0,0,0,0,0,0,0,0,0,0,0,0,0,0,0,0,0,0
602024747.0,0,0,0,0,0,1,0,1,0,0,1,0,0,0,0,0,0,0,0,0,1
2332460808.0,0,0,0,0,0,1,1,1,1,0,0,0,0,0,0,0,0,0,0,0,0
8.37353e+17,0,0,0,0,0,0,0,0,0,0,0,0,0,0,0,0,0,0,0,0,0
21940911.0,0,0,0,0,0,0,0,0,0,0,0,0,0,0,0,0,0,0,0,0,0
4827935894.0,0,0,1,0,0,0,0,1,1,0,0,0,1,1,1,0,0,0,0,0,0
3119309777.0,0,0,0,0,0,0,0,0,1,1,0,1,1,0,0,0,0,0,0,0,0
1.06272e+18,0,0,0,0,0,0,0,0,0,0,0,0,0,0,0,0,0,0,0,0,0
8.88201e+17,0,0,0,0,0,0,0,0,0,0,0,0,0,0,0,0,0,0,0,0,0
8.72135e+17,0,0,0,0,0,0,0,0,0,0,0,0,0,0,0,0,0,0,0,0,0
26360833.0,0,0,0,0,0,0,0,0,0,0,0,0,0,0,0,0,0,0,0,0,0
17227131.0,0,0,0,0,0,1,0,0,0,1,0,0,0,0,0,0,0,0,0,0,0
